"id","experiment","site","year","field.year","timing.1cut","follow.cut","env","age","block","plot","trt.code","treatment","date.1cut","date.2cut","date.3cut","gdd.1cut","precip.1cut","water.1cut","yield.1cut","dry.matter.1cut","protein.1cut","ADF.1cut","NDF.1cut","NDFD48.1cut","gdd.2cut","precip.2cut","water.2cut","yield.2cut","dry.matter.2cut","protein.2cut","ADF.2cut","NDF.2cut","NDFD48.2cut","gdd.3cut","precip.3cut","water.3cut","yield.3cut","dry.matter.3cut","protein.3cut","ADF.3cut","NDF.3cut","NDFD48.3cut","gdd.extra","precip.extra","end.of.year"
1,"FIG17","I2",2017,"first","boot","september","I2.2017",6,1,101,2,"BS",2017-06-08,NA,NA,969.72,436.372,52.37,5974.05,94.04,7.76,37.52,67.54,73.74,NA,NA,NA,NA,NA,NA,NA,NA,NA,NA,NA,NA,NA,NA,NA,NA,NA,NA,2661.67,580.9,2017-12-31
2,"FIG17","I2",2017,"first","boot","none","I2.2017",6,1,102,1,"BN",2017-06-08,NA,NA,969.72,436.372,49.71,5854.62,94.4,8.46,36.69,66.27,71.71,NA,NA,NA,NA,NA,NA,NA,NA,NA,NA,NA,NA,NA,NA,NA,NA,NA,NA,2661.67,580.9,2017-12-31
3,"FIG17","I2",2017,"first","boot","october","I2.2017",6,1,103,3,"BO",2017-06-08,NA,NA,969.72,436.372,49.26,5210.38,94.68,7.06,39.14,67.95,70.29,NA,NA,NA,NA,NA,NA,NA,NA,NA,NA,NA,NA,NA,NA,NA,NA,NA,NA,2661.67,580.9,2017-12-31
4,"FIG17","I2",2017,"first","anthesis","september","I2.2017",6,1,104,5,"AS",2017-06-21,NA,NA,1256.39,502.158,66.8,3528.15,96.01,4.92,41.34,74.52,71.77,NA,NA,NA,NA,NA,NA,NA,NA,NA,NA,NA,NA,NA,NA,NA,NA,NA,NA,2375,515.11,2017-12-31
5,"FIG17","I2",2017,"first","anthesis","none","I2.2017",6,1,105,4,"AN",2017-06-21,NA,NA,1256.39,502.158,66.98,3587.41,96.64,5.25,38.75,73.82,77.12,NA,NA,NA,NA,NA,NA,NA,NA,NA,NA,NA,NA,NA,NA,NA,NA,NA,NA,2375,515.11,2017-12-31
6,"FIG17","I2",2017,"first","anthesis","october","I2.2017",6,1,106,6,"AO",2017-06-21,NA,NA,1256.39,502.158,66.07,3702.13,96.04,4.84,38.95,73.18,71.56,NA,NA,NA,NA,NA,NA,NA,NA,NA,NA,NA,NA,NA,NA,NA,NA,NA,NA,2375,515.11,2017-12-31
7,"FIG17","I2",2017,"first","grain","october","I2.2017",6,1,107,12,"GO",2017-08-09,NA,NA,2281.39,692.658,45.71,4157,96.25,1.87,40.29,73.61,57.82,NA,NA,NA,NA,NA,NA,NA,NA,NA,NA,NA,NA,NA,NA,NA,NA,NA,NA,1350,324.61,2017-12-31
8,"FIG17","I2",2017,"first","grain","september","I2.2017",6,1,108,11,"GS",2017-08-09,NA,NA,2281.39,692.658,44.69,4155.23,96.69,1.47,42.3,75.01,55.46,NA,NA,NA,NA,NA,NA,NA,NA,NA,NA,NA,NA,NA,NA,NA,NA,NA,NA,1350,324.61,2017-12-31
9,"FIG17","I2",2017,"first","grain","none","I2.2017",6,1,109,10,"GN",2017-08-09,NA,NA,2281.39,692.658,46.83,4605.84,96.95,1.4,41.61,76.15,51.01,NA,NA,NA,NA,NA,NA,NA,NA,NA,NA,NA,NA,NA,NA,NA,NA,NA,NA,1350,324.61,2017-12-31
10,"FIG17","I2",2017,"first","dough","none","I2.2017",6,1,110,7,"DN",2017-07-17,NA,NA,1788.06,543.306,43.25,3878.67,97.03,1.46,36.58,72.52,70.73,NA,NA,NA,NA,NA,NA,NA,NA,NA,NA,NA,NA,NA,NA,NA,NA,NA,NA,1843.33,473.96,2017-12-31
11,"FIG17","I2",2017,"first","dough","october","I2.2017",6,1,111,9,"DO",2017-07-17,NA,NA,1788.06,543.306,41.29,4382.65,96.97,2,37.3,72.76,70.31,NA,NA,NA,NA,NA,NA,NA,NA,NA,NA,NA,NA,NA,NA,NA,NA,NA,NA,1843.33,473.96,2017-12-31
12,"FIG17","I2",2017,"first","dough","september","I2.2017",6,1,112,8,"DS",2017-07-17,NA,NA,1788.06,543.306,42.13,3822.98,97.64,2.16,39.19,75.69,73.05,NA,NA,NA,NA,NA,NA,NA,NA,NA,NA,NA,NA,NA,NA,NA,NA,NA,NA,1843.33,473.96,2017-12-31
13,"FIG17","I2",2017,"first","grain","none","I2.2017",6,2,201,10,"GN",2017-08-09,NA,NA,2281.39,692.658,47.21,4216.24,95.79,1.48,37.71,70.42,54.53,NA,NA,NA,NA,NA,NA,NA,NA,NA,NA,NA,NA,NA,NA,NA,NA,NA,NA,1350,324.61,2017-12-31
14,"FIG17","I2",2017,"first","grain","september","I2.2017",6,2,202,11,"GS",2017-08-09,NA,NA,2281.39,692.658,46.31,4109.4,96.62,2.19,39.19,74.41,60.15,NA,NA,NA,NA,NA,NA,NA,NA,NA,NA,NA,NA,NA,NA,NA,NA,NA,NA,1350,324.61,2017-12-31
15,"FIG17","I2",2017,"first","grain","october","I2.2017",6,2,203,12,"GO",2017-08-09,NA,NA,2281.39,692.658,45.74,5125.51,96.85,2.31,41.33,72.95,55.98,NA,NA,NA,NA,NA,NA,NA,NA,NA,NA,NA,NA,NA,NA,NA,NA,NA,NA,1350,324.61,2017-12-31
16,"FIG17","I2",2017,"first","anthesis","none","I2.2017",6,2,204,4,"AN",2017-06-21,NA,NA,1256.39,502.158,65.87,3376.99,96.61,5.63,41.14,73.24,66.93,NA,NA,NA,NA,NA,NA,NA,NA,NA,NA,NA,NA,NA,NA,NA,NA,NA,NA,2375,515.11,2017-12-31
17,"FIG17","I2",2017,"first","anthesis","september","I2.2017",6,2,205,5,"AS",2017-06-21,NA,NA,1256.39,502.158,65.31,3654.93,96.46,4.33,41.02,73.65,68.42,NA,NA,NA,NA,NA,NA,NA,NA,NA,NA,NA,NA,NA,NA,NA,NA,NA,NA,2375,515.11,2017-12-31
18,"FIG17","I2",2017,"first","anthesis","october","I2.2017",6,2,206,6,"AO",2017-06-21,NA,NA,1256.39,502.158,65.97,4720.15,96.59,5.59,41.12,73.59,71,NA,NA,NA,NA,NA,NA,NA,NA,NA,NA,NA,NA,NA,NA,NA,NA,NA,NA,2375,515.11,2017-12-31
19,"FIG17","I2",2017,"first","boot","october","I2.2017",6,2,207,3,"BO",2017-06-08,NA,NA,969.72,436.372,41.02,5577.3,94.3,6.96,37.98,66.44,68.08,NA,NA,NA,NA,NA,NA,NA,NA,NA,NA,NA,NA,NA,NA,NA,NA,NA,NA,2661.67,580.9,2017-12-31
20,"FIG17","I2",2017,"first","boot","september","I2.2017",6,2,208,2,"BS",2017-06-08,NA,NA,969.72,436.372,50,4943.15,94.41,6.67,38.08,68.88,66.77,NA,NA,NA,NA,NA,NA,NA,NA,NA,NA,NA,NA,NA,NA,NA,NA,NA,NA,2661.67,580.9,2017-12-31
21,"FIG17","I2",2017,"first","boot","none","I2.2017",6,2,209,1,"BN",2017-06-08,NA,NA,969.72,436.372,50.75,7443.98,94.73,8,39.62,70.82,67.95,NA,NA,NA,NA,NA,NA,NA,NA,NA,NA,NA,NA,NA,NA,NA,NA,NA,NA,2661.67,580.9,2017-12-31
22,"FIG17","I2",2017,"first","dough","september","I2.2017",6,2,210,8,"DS",2017-07-17,NA,NA,1788.06,543.306,47.29,4276.83,96.3,2.44,37.89,71.94,66.22,NA,NA,NA,NA,NA,NA,NA,NA,NA,NA,NA,NA,NA,NA,NA,NA,NA,NA,1843.33,473.96,2017-12-31
23,"FIG17","I2",2017,"first","dough","none","I2.2017",6,2,211,7,"DN",2017-07-17,NA,NA,1788.06,543.306,46.09,4120.49,96.78,2.22,34.86,70.39,74.41,NA,NA,NA,NA,NA,NA,NA,NA,NA,NA,NA,NA,NA,NA,NA,NA,NA,NA,1843.33,473.96,2017-12-31
24,"FIG17","I2",2017,"first","dough","october","I2.2017",6,2,212,9,"DO",2017-07-17,NA,NA,1788.06,543.306,45.11,4419.36,97.76,1.54,35.14,71.37,75.3,NA,NA,NA,NA,NA,NA,NA,NA,NA,NA,NA,NA,NA,NA,NA,NA,NA,NA,1843.33,473.96,2017-12-31
25,"FIG17","I2",2017,"first","anthesis","october","I2.2017",6,3,301,6,"AO",2017-06-21,NA,NA,1256.39,502.158,70.07,3138.93,96.53,5.87,40.39,75.4,71.43,NA,NA,NA,NA,NA,NA,NA,NA,NA,NA,NA,NA,NA,NA,NA,NA,NA,NA,2375,515.11,2017-12-31
26,"FIG17","I2",2017,"first","anthesis","september","I2.2017",6,3,302,5,"AS",2017-06-21,NA,NA,1256.39,502.158,65.99,3353.01,96.66,4.26,41.78,76.48,69.85,NA,NA,NA,NA,NA,NA,NA,NA,NA,NA,NA,NA,NA,NA,NA,NA,NA,NA,2375,515.11,2017-12-31
27,"FIG17","I2",2017,"first","anthesis","none","I2.2017",6,3,303,4,"AN",2017-06-21,NA,NA,1256.39,502.158,65.49,3922.75,97.08,3.88,40.19,76.76,76.81,NA,NA,NA,NA,NA,NA,NA,NA,NA,NA,NA,NA,NA,NA,NA,NA,NA,NA,2375,515.11,2017-12-31
28,"FIG17","I2",2017,"first","grain","none","I2.2017",6,3,304,10,"GN",2017-08-09,NA,NA,2281.39,692.658,45.67,4498.18,96.25,2.63,40.04,73.1,47.73,NA,NA,NA,NA,NA,NA,NA,NA,NA,NA,NA,NA,NA,NA,NA,NA,NA,NA,1350,324.61,2017-12-31
29,"FIG17","I2",2017,"first","grain","september","I2.2017",6,3,305,11,"GS",2017-08-09,NA,NA,2281.39,692.658,47.17,4555.07,97.4,1.52,39.68,75.85,55.26,NA,NA,NA,NA,NA,NA,NA,NA,NA,NA,NA,NA,NA,NA,NA,NA,NA,NA,1350,324.61,2017-12-31
30,"FIG17","I2",2017,"first","grain","october","I2.2017",6,3,306,12,"GO",2017-08-09,NA,NA,2281.39,692.658,45.86,4776.89,95.11,1.87,37.99,68.43,51.51,NA,NA,NA,NA,NA,NA,NA,NA,NA,NA,NA,NA,NA,NA,NA,NA,NA,NA,1350,324.61,2017-12-31
31,"FIG17","I2",2017,"first","boot","september","I2.2017",6,3,307,2,"BS",2017-06-08,NA,NA,969.72,436.372,45.85,6687.27,95.04,5.92,39.5,70.95,73.84,NA,NA,NA,NA,NA,NA,NA,NA,NA,NA,NA,NA,NA,NA,NA,NA,NA,NA,2661.67,580.9,2017-12-31
32,"FIG17","I2",2017,"first","boot","october","I2.2017",6,3,308,3,"BO",2017-06-08,NA,NA,969.72,436.372,41.81,4990.12,94.02,6.58,36.34,66.08,68.99,NA,NA,NA,NA,NA,NA,NA,NA,NA,NA,NA,NA,NA,NA,NA,NA,NA,NA,2661.67,580.9,2017-12-31
33,"FIG17","I2",2017,"first","boot","none","I2.2017",6,3,309,1,"BN",2017-06-08,NA,NA,969.72,436.372,51.68,5786.46,95.16,6.24,40.08,72.53,71.73,NA,NA,NA,NA,NA,NA,NA,NA,NA,NA,NA,NA,NA,NA,NA,NA,NA,NA,2661.67,580.9,2017-12-31
34,"FIG17","I2",2017,"first","dough","none","I2.2017",6,3,310,7,"DN",2017-07-17,NA,NA,1788.06,543.306,46.32,5321.83,97.07,0.5,36,68.85,72.5,NA,NA,NA,NA,NA,NA,NA,NA,NA,NA,NA,NA,NA,NA,NA,NA,NA,NA,1843.33,473.96,2017-12-31
35,"FIG17","I2",2017,"first","dough","october","I2.2017",6,3,311,9,"DO",2017-07-17,NA,NA,1788.06,543.306,48.14,4104.61,97.95,1.59,35.22,71.7,76.07,NA,NA,NA,NA,NA,NA,NA,NA,NA,NA,NA,NA,NA,NA,NA,NA,NA,NA,1843.33,473.96,2017-12-31
36,"FIG17","I2",2017,"first","dough","september","I2.2017",6,3,312,8,"DS",2017-07-17,NA,NA,1788.06,543.306,44.52,4482.54,97.64,2.06,37.73,77.43,74.82,NA,NA,NA,NA,NA,NA,NA,NA,NA,NA,NA,NA,NA,NA,NA,NA,NA,NA,1843.33,473.96,2017-12-31
37,"FIG17","I2",2017,"first","dough","october","I2.2017",6,4,401,9,"DO",2017-07-17,NA,NA,1788.06,543.306,44.54,5057.31,97.43,1.7,38.69,74.56,76.37,NA,NA,NA,NA,NA,NA,NA,NA,NA,NA,NA,NA,NA,NA,NA,NA,NA,NA,1843.33,473.96,2017-12-31
38,"FIG17","I2",2017,"first","dough","september","I2.2017",6,4,402,8,"DS",2017-07-17,NA,NA,1788.06,543.306,48.67,4147.02,95.59,2.44,40.37,72.58,61.09,NA,NA,NA,NA,NA,NA,NA,NA,NA,NA,NA,NA,NA,NA,NA,NA,NA,NA,1843.33,473.96,2017-12-31
39,"FIG17","I2",2017,"first","dough","none","I2.2017",6,4,403,7,"DN",2017-07-17,NA,NA,1788.06,543.306,41.78,3998.77,95.08,3.18,38.66,70.43,61.92,NA,NA,NA,NA,NA,NA,NA,NA,NA,NA,NA,NA,NA,NA,NA,NA,NA,NA,1843.33,473.96,2017-12-31
40,"FIG17","I2",2017,"first","anthesis","none","I2.2017",6,4,404,4,"AN",2017-06-21,NA,NA,1256.39,502.158,67.56,3564.56,97.09,4.79,39.38,74.8,77.15,NA,NA,NA,NA,NA,NA,NA,NA,NA,NA,NA,NA,NA,NA,NA,NA,NA,NA,2375,515.11,2017-12-31
41,"FIG17","I2",2017,"first","anthesis","october","I2.2017",6,4,405,6,"AO",2017-06-21,NA,NA,1256.39,502.158,66.47,3758.34,96.45,4.5,40.87,75.85,67.36,NA,NA,NA,NA,NA,NA,NA,NA,NA,NA,NA,NA,NA,NA,NA,NA,NA,NA,2375,515.11,2017-12-31
42,"FIG17","I2",2017,"first","anthesis","september","I2.2017",6,4,406,5,"AS",2017-06-21,NA,NA,1256.39,502.158,66.62,3257.49,96.05,4.34,38.95,71.19,72,NA,NA,NA,NA,NA,NA,NA,NA,NA,NA,NA,NA,NA,NA,NA,NA,NA,NA,2375,515.11,2017-12-31
43,"FIG17","I2",2017,"first","boot","none","I2.2017",6,4,407,1,"BN",2017-06-08,NA,NA,969.72,436.372,46.09,5659.32,94.4,6.67,37.67,67.76,67.94,NA,NA,NA,NA,NA,NA,NA,NA,NA,NA,NA,NA,NA,NA,NA,NA,NA,NA,2661.67,580.9,2017-12-31
44,"FIG17","I2",2017,"first","boot","september","I2.2017",6,4,408,2,"BS",2017-06-08,NA,NA,969.72,436.372,45.41,4847.59,94.22,5.28,38.42,69.45,63.73,NA,NA,NA,NA,NA,NA,NA,NA,NA,NA,NA,NA,NA,NA,NA,NA,NA,NA,2661.67,580.9,2017-12-31
45,"FIG17","I2",2017,"first","boot","october","I2.2017",6,4,409,3,"BO",2017-06-08,NA,NA,969.72,436.372,46.93,3870.21,94.27,6.35,36.78,67.17,72.07,NA,NA,NA,NA,NA,NA,NA,NA,NA,NA,NA,NA,NA,NA,NA,NA,NA,NA,2661.67,580.9,2017-12-31
46,"FIG17","I2",2017,"first","grain","none","I2.2017",6,4,410,10,"GN",2017-08-09,NA,NA,2281.39,692.658,47.37,5502.05,96.98,2.38,43.84,79.54,49.09,NA,NA,NA,NA,NA,NA,NA,NA,NA,NA,NA,NA,NA,NA,NA,NA,NA,NA,1350,324.61,2017-12-31
47,"FIG17","I2",2017,"first","grain","october","I2.2017",6,4,411,12,"GO",2017-08-09,NA,NA,2281.39,692.658,48.22,4952.56,95.31,1.33,35.44,67.43,51.42,NA,NA,NA,NA,NA,NA,NA,NA,NA,NA,NA,NA,NA,NA,NA,NA,NA,NA,1350,324.61,2017-12-31
48,"FIG17","I2",2017,"first","grain","september","I2.2017",6,4,412,11,"GS",2017-08-09,NA,NA,2281.39,692.658,46.15,4189.08,96.47,1.85,39.44,73.23,50.49,NA,NA,NA,NA,NA,NA,NA,NA,NA,NA,NA,NA,NA,NA,NA,NA,NA,NA,1350,324.61,2017-12-31
49,"FIG18","R100",2018,"first","boot","september","R100.2018",2,1,101,2,"BS",2018-06-07,2018-09-27,NA,784.17,267.97,77.34,2296.05,93.39,9.33,39.2,66.68,58.13,2338.33,555.75,65.54,1315.18,94.62,8.1,40.4,73.95,41.84,NA,NA,NA,NA,NA,NA,NA,NA,NA,283.61,223.77,2018-12-31
50,"FIG18","R100",2018,"first","boot","none","R100.2018",2,1,102,1,"BN",2018-06-07,NA,NA,784.17,267.97,78.09,1620.94,93.39,9.33,39.2,66.68,58.13,NA,NA,NA,NA,NA,NA,NA,NA,NA,NA,NA,NA,NA,NA,NA,NA,NA,NA,2621.94,779.53,2018-12-31
51,"FIG18","R100",2018,"first","boot","october","R100.2018",2,1,103,3,"BO",2018-06-07,2018-09-27,2018-11-01,784.17,267.97,78.3,1036.86,93.39,9.33,39.2,66.68,58.13,2338.33,555.75,58.19,1105.88,94.62,8.1,40.4,73.95,41.84,237.5,95.25,34.39,337.47,94.4,5.06,42.82,74.21,42.85,46.11,128.52,2018-12-31
52,"FIG18","R100",2018,"first","anthesis","september","R100.2018",2,1,104,5,"AS",2018-06-25,2018-09-27,NA,1169.17,433.832,70.76,3742.92,95.18,5.13,46.99,78.25,45.09,1953.33,389.89,73.49,1014.09,93.78,9.85,37.68,69.11,42.05,NA,NA,NA,NA,NA,NA,NA,NA,NA,283.61,223.77,2018-12-31
53,"FIG18","R100",2018,"first","anthesis","none","R100.2018",2,1,105,4,"AN",2018-06-25,NA,NA,1169.17,433.832,69.1,3532.01,95.18,5.13,46.99,78.25,45.09,NA,NA,NA,NA,NA,NA,NA,NA,NA,NA,NA,NA,NA,NA,NA,NA,NA,NA,2236.94,613.66,2018-12-31
54,"FIG18","R100",2018,"first","anthesis","october","R100.2018",2,1,106,6,"AO",2018-06-25,2018-09-27,2018-11-01,1169.17,433.832,68.58,2506.07,95.18,5.13,46.99,78.25,45.09,1953.33,389.89,65.99,982.5,93.78,9.85,37.68,69.11,42.05,237.5,95.25,34.56,434.59,93.38,6.01,43.68,74.81,37.54,46.11,128.52,2018-12-31
55,"FIG18","R100",2018,"first","grain","october","R100.2018",2,1,107,12,"GO",2018-08-07,2018-09-27,2018-11-01,2117.78,615.442,NA,NA,NA,NA,NA,NA,NA,1004.72,208.28,85.51,318.34,93.66,13.63,31.25,59.66,59.52,237.5,95.25,54.95,368.14,93.79,7.9,37.56,67.49,36.75,46.11,128.52,2018-12-31
56,"FIG18","R100",2018,"first","grain","september","R100.2018",2,1,108,11,"GS",2018-08-07,2018-09-27,NA,2117.78,615.442,NA,NA,93.83,3.56,43.18,72.08,37.76,1004.72,208.28,78.79,224.37,93.66,13.63,31.25,59.66,59.52,NA,NA,NA,NA,NA,NA,NA,NA,NA,283.61,223.77,2018-12-31
57,"FIG18","R100",2018,"first","grain","none","R100.2018",2,1,109,10,"GN",2018-08-07,NA,NA,2117.78,615.442,NA,NA,NA,NA,NA,NA,NA,NA,NA,NA,NA,NA,NA,NA,NA,NA,NA,NA,NA,NA,NA,NA,NA,NA,NA,1288.33,432.05,2018-12-31
58,"FIG18","R100",2018,"first","dough","none","R100.2018",2,1,110,7,"DN",2018-07-18,NA,NA,1708.89,546.608,59.52,4519.64,94.14,4.76,42.95,71.67,32.93,NA,NA,NA,NA,NA,NA,NA,NA,NA,NA,NA,NA,NA,NA,NA,NA,NA,NA,1697.22,500.89,2018-12-31
59,"FIG18","R100",2018,"first","dough","october","R100.2018",2,1,111,9,"DO",2018-07-18,2018-09-27,2018-11-01,1708.89,546.608,54.37,5013.24,94.14,4.76,42.95,71.67,32.93,1413.61,277.11,71.31,1085.91,94.43,11.87,34.86,66.58,48.98,237.5,95.25,51.74,439.11,94.28,6.22,39.88,71.66,32.69,46.11,128.52,2018-12-31
60,"FIG18","R100",2018,"first","dough","september","R100.2018",2,1,112,8,"DS",2018-07-18,2018-09-27,NA,1708.89,546.608,54,4018.91,94.14,4.76,42.95,71.67,32.93,1413.61,277.11,72.24,628.06,94.43,11.87,34.86,66.58,48.98,NA,NA,NA,NA,NA,NA,NA,NA,NA,283.61,223.77,2018-12-31
61,"FIG18","R100",2018,"first","grain","none","R100.2018",2,2,201,10,"GN",2018-08-07,NA,NA,2117.78,615.442,NA,NA,94.35,3.94,48.16,79.23,32.21,NA,NA,NA,NA,NA,NA,NA,NA,NA,NA,NA,NA,NA,NA,NA,NA,NA,NA,1288.33,432.05,2018-12-31
62,"FIG18","R100",2018,"first","grain","september","R100.2018",2,2,202,11,"GS",2018-08-07,2018-09-27,NA,2117.78,615.442,NA,NA,NA,NA,NA,NA,NA,1004.72,208.28,76.16,263.86,93.27,13,32.88,60.55,52.47,NA,NA,NA,NA,NA,NA,NA,NA,NA,283.61,223.77,2018-12-31
63,"FIG18","R100",2018,"first","grain","october","R100.2018",2,2,203,12,"GO",2018-08-07,2018-09-27,2018-11-01,2117.78,615.442,NA,NA,NA,NA,NA,NA,NA,1004.72,208.28,79.5,238.55,93.27,13,32.88,60.55,52.47,237.5,95.25,49.32,258.2,94.02,5.25,42.91,73.02,28.44,46.11,128.52,2018-12-31
64,"FIG18","R100",2018,"first","anthesis","none","R100.2018",2,2,204,4,"AN",2018-06-25,NA,NA,1169.17,433.832,71.24,4799.74,94.87,6.24,45.51,76.44,50.3,NA,NA,NA,NA,NA,NA,NA,NA,NA,NA,NA,NA,NA,NA,NA,NA,NA,NA,2236.94,613.66,2018-12-31
65,"FIG18","R100",2018,"first","anthesis","september","R100.2018",2,2,205,5,"AS",2018-06-25,2018-09-27,NA,1169.17,433.832,71.75,3485.74,94.87,6.24,45.51,76.44,50.3,1953.33,389.89,65.65,1274.91,94.64,9.77,36.58,70.37,47.38,NA,NA,NA,NA,NA,NA,NA,NA,NA,283.61,223.77,2018-12-31
66,"FIG18","R100",2018,"first","anthesis","october","R100.2018",2,2,206,6,"AO",2018-06-25,2018-09-27,2018-11-01,1169.17,433.832,71.28,2352.5,94.87,6.24,45.51,76.44,50.3,1953.33,389.89,57.38,1234.91,94.12,6.46,41.71,74.94,37,237.5,95.25,33.41,676.36,94.77,3.35,48.86,81.67,27.82,46.11,128.52,2018-12-31
67,"FIG18","R100",2018,"first","boot","october","R100.2018",2,2,207,3,"BO",2018-06-07,2018-09-27,2018-11-01,784.17,267.97,80.76,2741.61,93.88,11.75,38.11,64.94,56.01,2338.33,555.75,56.07,2152.44,94.12,6.46,41.71,74.94,37,237.5,95.25,47.05,288.71,94.28,4.96,43.52,74.84,33.28,46.11,128.52,2018-12-31
68,"FIG18","R100",2018,"first","boot","september","R100.2018",2,2,208,2,"BS",2018-06-07,2018-09-27,NA,784.17,267.97,80.65,1630.2,93.88,11.75,38.11,64.94,56.01,2338.33,555.75,54.37,1604.3,94.12,6.46,41.71,74.94,37,NA,NA,NA,NA,NA,NA,NA,NA,NA,283.61,223.77,2018-12-31
69,"FIG18","R100",2018,"first","boot","none","R100.2018",2,2,209,1,"BN",2018-06-07,NA,NA,784.17,267.97,80.9,2927.25,93.88,11.75,38.11,64.94,56.01,NA,NA,NA,NA,NA,NA,NA,NA,NA,NA,NA,NA,NA,NA,NA,NA,NA,NA,2621.94,779.53,2018-12-31
70,"FIG18","R100",2018,"first","dough","september","R100.2018",2,2,210,8,"DS",2018-07-18,2018-09-27,NA,1708.89,546.608,57.86,5191.84,93.96,5.13,42.31,69.83,39.49,1413.61,277.11,70.11,817.29,93.57,9.65,36.89,67.28,40.6,NA,NA,NA,NA,NA,NA,NA,NA,NA,283.61,223.77,2018-12-31
71,"FIG18","R100",2018,"first","dough","none","R100.2018",2,2,211,7,"DN",2018-07-18,NA,NA,1708.89,546.608,56.85,3759.31,93.96,5.13,42.31,69.83,39.49,NA,NA,NA,NA,NA,NA,NA,NA,NA,NA,NA,NA,NA,NA,NA,NA,NA,NA,1697.22,500.89,2018-12-31
72,"FIG18","R100",2018,"first","dough","october","R100.2018",2,2,212,9,"DO",2018-07-18,2018-09-27,2018-11-01,1708.89,546.608,54.46,3600.52,93.96,5.13,42.31,69.83,39.49,1413.61,277.11,77.03,383.16,93.57,9.65,36.89,67.28,40.6,237.5,95.25,43.19,346.76,94.62,6.46,41.57,72.55,38.78,46.11,128.52,2018-12-31
73,"FIG18","R100",2018,"first","anthesis","october","R100.2018",2,3,301,6,"AO",2018-06-25,2018-09-27,2018-11-01,1169.17,433.832,71.68,3798.91,94.15,7.03,44.74,74.35,45.47,1953.33,389.89,72.64,1242.29,93.99,6.5,41.77,74.7,33.2,237.5,95.25,47.19,340.41,94.32,6.5,41.57,72.36,33.13,46.11,128.52,2018-12-31
74,"FIG18","R100",2018,"first","anthesis","september","R100.2018",2,3,302,5,"AS",2018-06-25,2018-09-27,NA,1169.17,433.832,67.96,3422.52,94.15,7.03,44.74,74.35,45.47,1953.33,389.89,66.24,1032.93,94.62,6.5,41.77,74.7,33.2,NA,NA,NA,NA,NA,NA,NA,NA,NA,283.61,223.77,2018-12-31
75,"FIG18","R100",2018,"first","anthesis","none","R100.2018",2,3,303,4,"AN",2018-06-25,NA,NA,1169.17,433.832,68.99,3193.3,94.15,7.03,44.74,74.35,45.47,NA,NA,NA,NA,NA,NA,NA,NA,NA,NA,NA,NA,NA,NA,NA,NA,NA,NA,2236.94,613.66,2018-12-31
76,"FIG18","R100",2018,"first","grain","none","R100.2018",2,3,304,10,"GN",2018-08-07,NA,NA,2117.78,615.442,NA,NA,NA,NA,NA,NA,NA,NA,NA,NA,NA,NA,NA,NA,NA,NA,NA,NA,NA,NA,NA,NA,NA,NA,NA,1288.33,432.05,2018-12-31
77,"FIG18","R100",2018,"first","grain","september","R100.2018",2,3,305,11,"GS",2018-08-07,2018-09-27,NA,2117.78,615.442,NA,NA,NA,NA,NA,NA,NA,1004.72,208.28,70,329.61,94.13,11.05,35.59,65.44,49.63,NA,NA,NA,NA,NA,NA,NA,NA,NA,283.61,223.77,2018-12-31
78,"FIG18","R100",2018,"first","grain","october","R100.2018",2,3,306,12,"GO",2018-08-07,2018-09-27,2018-11-01,2117.78,615.442,NA,NA,93.82,3.92,45.5,74.96,30.65,1004.72,208.28,75.42,330.04,94.13,11.05,35.59,65.44,49.63,237.5,95.25,48.07,501.2,94.34,7.28,39.78,70.04,35.1,46.11,128.52,2018-12-31
79,"FIG18","R100",2018,"first","boot","september","R100.2018",2,3,307,2,"BS",2018-06-07,2018-09-27,NA,784.17,267.97,80.62,3328.73,94.06,10.74,38.45,65.4,55.86,2338.33,555.75,68.11,1461.14,94.42,8.44,38.92,71.59,39.22,NA,NA,NA,NA,NA,NA,NA,NA,NA,283.61,223.77,2018-12-31
80,"FIG18","R100",2018,"first","boot","october","R100.2018",2,3,308,3,"BO",2018-06-07,2018-09-27,2018-11-01,784.17,267.97,80.38,2179.22,94.06,10.74,38.45,65.4,55.86,2338.33,555.75,60.91,1711.41,94.42,8.44,38.92,71.59,39.22,237.5,95.25,46.51,612.97,94.75,5,41.92,73.15,36.35,46.11,128.52,2018-12-31
81,"FIG18","R100",2018,"first","boot","none","R100.2018",2,3,309,1,"BN",2018-06-07,NA,NA,784.17,267.97,79.21,2101.94,94.06,10.74,38.45,65.4,55.86,NA,NA,NA,NA,NA,NA,NA,NA,NA,NA,NA,NA,NA,NA,NA,NA,NA,NA,2621.94,779.53,2018-12-31
82,"FIG18","R100",2018,"first","dough","none","R100.2018",2,3,310,7,"DN",2018-07-18,NA,NA,1708.89,546.608,55.09,6158.6,93.84,4.45,41.91,70.28,36.44,NA,NA,NA,NA,NA,NA,NA,NA,NA,NA,NA,NA,NA,NA,NA,NA,NA,NA,1697.22,500.89,2018-12-31
83,"FIG18","R100",2018,"first","dough","october","R100.2018",2,3,311,9,"DO",2018-07-18,2018-09-27,2018-11-01,1708.89,546.608,55.52,5215,93.84,4.45,41.91,70.28,36.44,1413.61,277.11,74.73,742.51,93.76,11,36.66,66.99,44.08,237.5,95.25,41.36,496.34,94.35,8.08,42.08,73.74,46.78,46.11,128.52,2018-12-31
84,"FIG18","R100",2018,"first","dough","september","R100.2018",2,3,312,8,"DS",2018-07-18,2018-09-27,NA,1708.89,546.608,53.14,5244.27,93.84,4.45,41.91,70.28,36.44,1413.61,277.11,73.36,823.81,93.76,11,36.66,66.99,44.08,NA,NA,NA,NA,NA,NA,NA,NA,NA,283.61,223.77,2018-12-31
85,"FIG18","R100",2018,"first","dough","october","R100.2018",2,4,401,9,"DO",2018-07-18,2018-09-27,2018-11-01,1708.89,546.608,60,5330.15,94.19,10.1,36.97,68.31,46.82,1413.61,277.11,73.2,1181.94,93.4,10.1,36.97,68.31,46.82,237.5,95.25,52.05,426.91,94.93,6.77,40.71,72.77,40.25,46.11,128.52,2018-12-31
86,"FIG18","R100",2018,"first","dough","september","R100.2018",2,4,402,8,"DS",2018-07-18,2018-09-27,NA,1708.89,546.608,55.16,5486.57,94.19,10.1,36.97,68.31,46.82,1413.61,277.11,68.33,1051.49,93.4,10.1,36.97,68.31,46.82,NA,NA,NA,NA,NA,NA,NA,NA,NA,283.61,223.77,2018-12-31
87,"FIG18","R100",2018,"first","dough","none","R100.2018",2,4,403,7,"DN",2018-07-18,NA,NA,1708.89,546.608,54.8,5501.53,94.19,10.1,36.97,68.31,46.82,NA,NA,NA,NA,NA,NA,NA,NA,NA,NA,NA,NA,NA,NA,NA,NA,NA,NA,1697.22,500.89,2018-12-31
88,"FIG18","R100",2018,"first","anthesis","none","R100.2018",2,4,404,4,"AN",2018-06-25,NA,NA,1169.17,433.832,70.62,4482.05,94.53,7.76,44.42,73.68,49.71,NA,NA,NA,NA,NA,NA,NA,NA,NA,NA,NA,NA,NA,NA,NA,NA,NA,NA,2236.94,613.66,2018-12-31
89,"FIG18","R100",2018,"first","anthesis","october","R100.2018",2,4,405,6,"AO",2018-06-25,2018-09-27,2018-11-01,1169.17,433.832,71.97,3863.05,94.53,7.76,44.42,73.68,49.71,1953.33,389.89,60.67,1232.24,93.85,9.96,36.62,68.55,41.11,237.5,95.25,39.24,685.4,95.39,4.09,44.92,77.81,36.83,46.11,128.52,2018-12-31
90,"FIG18","R100",2018,"first","anthesis","september","R100.2018",2,4,406,5,"AS",2018-06-25,2018-09-27,NA,1169.17,433.832,67.33,4548.18,94.53,7.76,44.42,73.68,49.71,1953.33,389.89,46.92,1377.97,93.85,9.96,36.62,68.55,41.11,NA,NA,NA,NA,NA,NA,NA,NA,NA,283.61,223.77,2018-12-31
91,"FIG18","R100",2018,"first","boot","none","R100.2018",2,4,407,1,"BN",2018-06-07,NA,NA,784.17,267.97,77.29,3268.38,94.33,10.71,39.05,67.45,59.51,NA,NA,NA,NA,NA,NA,NA,NA,NA,NA,NA,NA,NA,NA,NA,NA,NA,NA,2621.94,779.53,2018-12-31
92,"FIG18","R100",2018,"first","boot","september","R100.2018",2,4,408,2,"BS",2018-06-07,2018-09-27,NA,784.17,267.97,80.28,2670.29,94.33,10.71,39.05,67.45,59.51,2338.33,555.75,61.13,1357.09,93.75,7.2,39.37,72.37,40.9,NA,NA,NA,NA,NA,NA,NA,NA,NA,283.61,223.77,2018-12-31
93,"FIG18","R100",2018,"first","boot","october","R100.2018",2,4,409,3,"BO",2018-06-07,2018-09-27,2018-11-01,784.17,267.97,80.32,2363.44,94.33,10.71,39.05,67.45,59.51,2338.33,555.75,54.54,1705.74,93.75,7.2,39.37,72.37,40.9,237.5,95.25,41.77,586.7,94.85,5.25,39.89,72.26,37.75,46.11,128.52,2018-12-31
94,"FIG18","R100",2018,"first","grain","none","R100.2018",2,4,410,10,"GN",2018-08-07,NA,NA,2117.78,615.442,NA,NA,NA,NA,NA,NA,NA,NA,NA,NA,NA,NA,NA,NA,NA,NA,NA,NA,NA,NA,NA,NA,NA,NA,NA,1288.33,432.05,2018-12-31
95,"FIG18","R100",2018,"first","grain","october","R100.2018",2,4,411,12,"GO",2018-08-07,2018-09-27,2018-11-01,2117.78,615.442,NA,NA,94.08,2.47,46.71,76.98,27.21,1004.72,208.28,70.44,666.38,93.83,12.6,34.12,62.9,51.18,237.5,95.25,52.63,340.79,94.05,7.55,38.13,69.08,41.88,46.11,128.52,2018-12-31
96,"FIG18","R100",2018,"first","grain","september","R100.2018",2,4,412,11,"GS",2018-08-07,2018-09-27,NA,2117.78,615.442,NA,NA,NA,NA,NA,NA,NA,1004.72,208.28,70.18,422.28,93.83,12.6,34.12,62.9,51.18,NA,NA,NA,NA,NA,NA,NA,NA,NA,283.61,223.77,2018-12-31
97,"FIG18","R100",2019,"second","boot","september","R100.2019",3,1,101,2,"BS",2019-06-10,2019-09-23,NA,821.94,520.192,NA,2428.25,92.89,9.63,36.96,63.78,29.28,2137.5,497.33,NA,1926.76,95,5.88,42.11,74.65,44.5,NA,NA,NA,NA,NA,NA,NA,NA,NA,386.67,266.19,2019-12-31
98,"FIG18","R100",2019,"second","boot","none","R100.2019",3,1,102,1,"BN",2019-06-10,NA,NA,821.94,520.192,NA,2841.81,92.94,10.12,37.12,61.92,28.93,NA,NA,NA,NA,NA,NA,NA,NA,NA,NA,NA,NA,NA,NA,NA,NA,NA,NA,2524.17,763.52,2019-12-31
99,"FIG18","R100",2019,"second","boot","october","R100.2019",3,1,103,3,"BO",2019-06-10,2019-09-23,2019-10-28,821.94,520.192,NA,1681.73,92.35,10.27,36.21,61.88,27.15,2137.5,497.33,NA,1916.62,94.78,2.83,42.84,76.8,52.06,328.61,150.62,NA,421.8,96.61,3.04,42.69,78.05,49.26,58.06,115.57,2019-12-31
100,"FIG18","R100",2019,"second","anthesis","september","R100.2019",3,1,104,5,"AS",2019-07-05,2019-09-23,NA,1330.28,639.318,NA,7769.27,94,5,47.2,77.4,45.2,1629.17,378.21,NA,1088.81,95.03,11.07,36.13,68.99,34.62,NA,NA,NA,NA,NA,NA,NA,NA,NA,386.67,266.19,2019-12-31
101,"FIG18","R100",2019,"second","anthesis","none","R100.2019",3,1,105,4,"AN",2019-07-05,NA,NA,1330.28,639.318,NA,7636.61,94,4.6,49.6,79.3,48.6,NA,NA,NA,NA,NA,NA,NA,NA,NA,NA,NA,NA,NA,NA,NA,NA,NA,NA,2015.83,644.4,2019-12-31
102,"FIG18","R100",2019,"second","anthesis","october","R100.2019",3,1,106,6,"AO",2019-07-05,2019-09-23,2019-10-28,1330.28,639.318,NA,3570.07,95,3.8,46.9,80.1,47.8,1629.17,378.21,NA,1398.99,96.32,5.34,45.96,81.27,46.51,328.61,150.62,NA,512.7,96.15,7.73,33.8,64.8,34.47,58.06,115.57,2019-12-31
103,"FIG18","R100",2019,"second","grain","october","R100.2019",3,1,107,12,"GO",2019-08-16,2019-09-23,2019-10-28,2262.5,810.514,NA,NA,94.7,2.51,54.25,86.1,57.68,696.94,207.01,NA,NA,95.88,16.05,34.75,63.1,27.07,328.61,150.62,NA,NA,94.81,16.05,34.75,63.1,27.07,58.06,115.57,2019-12-31
104,"FIG18","R100",2019,"second","grain","september","R100.2019",3,1,108,11,"GS",2019-08-16,2019-09-23,NA,2262.5,810.514,NA,NA,95.74,2.55,54.41,87.33,57.38,696.94,207.01,NA,NA,94.97,15.52,33.33,60.56,27.16,NA,NA,NA,NA,NA,NA,NA,NA,NA,386.67,266.19,2019-12-31
105,"FIG18","R100",2019,"second","grain","none","R100.2019",3,1,109,10,"GN",2019-08-16,NA,NA,2262.5,810.514,NA,NA,95.24,1.69,55.79,87.56,58.79,NA,NA,NA,NA,NA,NA,NA,NA,NA,NA,NA,NA,NA,NA,NA,NA,NA,NA,1083.61,473.2,2019-12-31
106,"FIG18","R100",2019,"second","dough","none","R100.2019",3,1,110,7,"DN",2019-07-25,NA,NA,1791.11,767.842,NA,4728.75,92.88,4.47,49.76,78.72,52.09,NA,NA,NA,NA,NA,NA,NA,NA,NA,NA,NA,NA,NA,NA,NA,NA,NA,NA,1555,515.87,2019-12-31
107,"FIG18","R100",2019,"second","dough","october","R100.2019",3,1,111,9,"DO",2019-07-25,2019-09-23,2019-10-28,1791.11,767.842,NA,401.59,93.43,5.05,47.06,75.99,46.03,1168.33,249.68,NA,687.65,94.95,12.41,37.74,68.81,31.79,328.61,150.62,NA,248.33,96.39,6.29,37.4,70.95,39.04,58.06,115.57,2019-12-31
108,"FIG18","R100",2019,"second","dough","september","R100.2019",3,1,112,8,"DS",2019-07-25,2019-09-23,NA,1791.11,767.842,NA,4681.51,93.4,4.32,43.75,69.94,44.26,1168.33,249.68,NA,593.8,94.3,13.36,35.62,64.6,30.65,NA,NA,NA,NA,NA,NA,NA,NA,NA,386.67,266.19,2019-12-31
109,"FIG18","R100",2019,"second","grain","none","R100.2019",3,2,201,10,"GN",2019-08-16,NA,NA,2262.5,810.514,NA,NA,94.35,1.85,53.04,84.14,57.04,NA,NA,NA,NA,NA,NA,NA,NA,NA,NA,NA,NA,NA,NA,NA,NA,NA,NA,1083.61,473.2,2019-12-31
110,"FIG18","R100",2019,"second","grain","september","R100.2019",3,2,202,11,"GS",2019-08-16,2019-09-23,NA,2262.5,810.514,NA,NA,94.81,2.99,52.29,84.9,56.69,696.94,207.01,NA,NA,94.73,19.69,29.66,55.66,19.75,NA,NA,NA,NA,NA,NA,NA,NA,NA,386.67,266.19,2019-12-31
111,"FIG18","R100",2019,"second","grain","october","R100.2019",3,2,203,12,"GO",2019-08-16,2019-09-23,2019-10-28,2262.5,810.514,NA,NA,93.85,2.78,47.73,76.25,49.39,696.94,207.01,NA,NA,95.88,17.9,33.29,61.1,26.19,328.61,150.62,NA,NA,97.58,4.73,41.52,76.93,45.38,58.06,115.57,2019-12-31
112,"FIG18","R100",2019,"second","anthesis","none","R100.2019",3,2,204,4,"AN",2019-07-05,NA,NA,1330.28,639.318,NA,5626.14,93,8.8,45.4,72.8,40.6,NA,NA,NA,NA,NA,NA,NA,NA,NA,NA,NA,NA,NA,NA,NA,NA,NA,NA,2015.83,644.4,2019-12-31
113,"FIG18","R100",2019,"second","anthesis","september","R100.2019",3,2,205,5,"AS",2019-07-05,2019-09-23,NA,1330.28,639.318,NA,6805.06,93,7.5,44,70.7,39.9,1629.17,378.21,NA,1276.03,94.4,8.68,40.02,72.81,39.01,NA,NA,NA,NA,NA,NA,NA,NA,NA,386.67,266.19,2019-12-31
114,"FIG18","R100",2019,"second","anthesis","october","R100.2019",3,2,206,6,"AO",2019-07-05,2019-09-23,2019-10-28,1330.28,639.318,NA,9567.48,93,6.1,45.6,74.7,43.3,1629.17,378.21,NA,830.73,95.25,9.48,38.22,70.87,37.07,328.61,150.62,NA,527.85,96.09,5.34,39.99,70.7,41.88,58.06,115.57,2019-12-31
115,"FIG18","R100",2019,"second","boot","october","R100.2019",3,2,207,3,"BO",2019-06-10,2019-09-23,2019-10-28,821.94,520.192,NA,2716.53,92.96,15.2,34.35,56.88,22.58,2137.5,497.33,NA,3158.26,94.87,6.5,40.25,70.4,43.74,328.61,150.62,NA,1169.21,95.46,5.4,32.12,64.53,36.79,58.06,115.57,2019-12-31
116,"FIG18","R100",2019,"second","boot","september","R100.2019",3,2,208,2,"BS",2019-06-10,2019-09-23,NA,821.94,520.192,NA,2778.93,92.81,13.2,35.87,60.11,26.5,2137.5,497.33,NA,2280.5,94.36,4.98,42.4,74.39,48.58,NA,NA,NA,NA,NA,NA,NA,NA,NA,386.67,266.19,2019-12-31
117,"FIG18","R100",2019,"second","boot","none","R100.2019",3,2,209,1,"BN",2019-06-10,NA,NA,821.94,520.192,NA,2354.43,92.31,11.56,37.5,62.04,30.12,NA,NA,NA,NA,NA,NA,NA,NA,NA,NA,NA,NA,NA,NA,NA,NA,NA,NA,2524.17,763.52,2019-12-31
118,"FIG18","R100",2019,"second","dough","september","R100.2019",3,2,210,8,"DS",2019-07-25,2019-09-23,NA,1791.11,767.842,NA,4456.27,94.2,4.54,48.65,77.38,46.56,1168.33,249.68,NA,1342.4,94.61,11.03,40.06,71.56,37.96,NA,NA,NA,NA,NA,NA,NA,NA,NA,386.67,266.19,2019-12-31
119,"FIG18","R100",2019,"second","dough","none","R100.2019",3,2,211,7,"DN",2019-07-25,NA,NA,1791.11,767.842,NA,3830.65,93.48,3.31,46.05,75.66,48.96,NA,NA,NA,NA,NA,NA,NA,NA,NA,NA,NA,NA,NA,NA,NA,NA,NA,NA,1555,515.87,2019-12-31
120,"FIG18","R100",2019,"second","dough","october","R100.2019",3,2,212,9,"DO",2019-07-25,2019-09-23,2019-10-28,1791.11,767.842,NA,3539.19,93.59,4.58,42.96,70.29,42.68,1168.33,249.68,NA,466.8,95.3,11.16,41.43,73.32,40.5,328.61,150.62,NA,1509.11,96.63,4.31,36.46,70.89,43.94,58.06,115.57,2019-12-31
121,"FIG18","R100",2019,"second","anthesis","october","R100.2019",3,3,301,6,"AO",2019-07-05,2019-09-23,2019-10-28,1330.28,639.318,NA,6366.68,94,7.6,44,70.8,41,1629.17,378.21,NA,1147.45,94.96,10.59,36.35,66.65,32.25,328.61,150.62,NA,623.93,94.8,7.23,29.35,60.93,33.9,58.06,115.57,2019-12-31
122,"FIG18","R100",2019,"second","anthesis","september","R100.2019",3,3,302,5,"AS",2019-07-05,2019-09-23,NA,1330.28,639.318,NA,5204.69,94,6.3,46,73.5,44,1629.17,378.21,NA,1003.31,95.53,7.81,42.72,74.75,42.86,NA,NA,NA,NA,NA,NA,NA,NA,NA,386.67,266.19,2019-12-31
123,"FIG18","R100",2019,"second","anthesis","none","R100.2019",3,3,303,4,"AN",2019-07-05,NA,NA,1330.28,639.318,NA,5408.32,94,5.8,47,76,44.6,NA,NA,NA,NA,NA,NA,NA,NA,NA,NA,NA,NA,NA,NA,NA,NA,NA,NA,2015.83,644.4,2019-12-31
124,"FIG18","R100",2019,"second","grain","none","R100.2019",3,3,304,10,"GN",2019-08-16,NA,NA,2262.5,810.514,NA,NA,95.01,3.05,52.16,84.15,55.7,NA,NA,NA,NA,NA,NA,NA,NA,NA,NA,NA,NA,NA,NA,NA,NA,NA,NA,1083.61,473.2,2019-12-31
125,"FIG18","R100",2019,"second","grain","september","R100.2019",3,3,305,11,"GS",2019-08-16,2019-09-23,NA,2262.5,810.514,NA,NA,92.85,3.11,43.3,71.6,46.48,696.94,207.01,NA,NA,95.45,17.21,33.48,59.79,25.11,NA,NA,NA,NA,NA,NA,NA,NA,NA,386.67,266.19,2019-12-31
126,"FIG18","R100",2019,"second","grain","october","R100.2019",3,3,306,12,"GO",2019-08-16,2019-09-23,2019-10-28,2262.5,810.514,NA,NA,93.74,2.87,47.39,76.6,49.1,696.94,207.01,NA,NA,95.03,17.79,36.23,61.25,28,328.61,150.62,NA,NA,96.99,10.1,34.48,62.29,37.16,58.06,115.57,2019-12-31
127,"FIG18","R100",2019,"second","boot","september","R100.2019",3,3,307,2,"BS",2019-06-10,2019-09-23,NA,821.94,520.192,NA,2989.45,92.94,12.36,36.41,61.2,26.99,2137.5,497.33,NA,2619.5,95.42,8.11,40.41,72.01,41.4,NA,NA,NA,NA,NA,NA,NA,NA,NA,386.67,266.19,2019-12-31
128,"FIG18","R100",2019,"second","boot","october","R100.2019",3,3,308,3,"BO",2019-06-10,2019-09-23,2019-10-28,821.94,520.192,NA,2558.23,92.73,12.08,36.06,59.98,27.17,2137.5,497.33,NA,1722.21,94.89,8.02,41.46,72.79,42.11,328.61,150.62,NA,305.27,94.8,8.69,32.23,58,30.68,58.06,115.57,2019-12-31
129,"FIG18","R100",2019,"second","boot","none","R100.2019",3,3,309,1,"BN",2019-06-10,NA,NA,821.94,520.192,NA,2944.68,91.84,10.9,38.78,63.96,30.33,NA,NA,NA,NA,NA,NA,NA,NA,NA,NA,NA,NA,NA,NA,NA,NA,NA,NA,2524.17,763.52,2019-12-31
130,"FIG18","R100",2019,"second","dough","none","R100.2019",3,3,310,7,"DN",2019-07-25,NA,NA,1791.11,767.842,NA,4830.69,93.77,4.77,44.51,71.59,45.47,NA,NA,NA,NA,NA,NA,NA,NA,NA,NA,NA,NA,NA,NA,NA,NA,NA,NA,1555,515.87,2019-12-31
131,"FIG18","R100",2019,"second","dough","october","R100.2019",3,3,311,9,"DO",2019-07-25,2019-09-23,2019-10-28,1791.11,767.842,NA,4782.7,94.31,4.57,41.58,69.6,39.5,1168.33,249.68,NA,747.62,95.27,11,39.18,70.74,37.12,328.61,150.62,NA,373.51,95.87,6,33.8,69.25,37.56,58.06,115.57,2019-12-31
132,"FIG18","R100",2019,"second","dough","september","R100.2019",3,3,312,8,"DS",2019-07-25,2019-09-23,NA,1791.11,767.842,NA,4165.75,92.75,3.97,42.63,70.43,44.62,1168.33,249.68,NA,563.13,94.75,13.77,34.95,64.08,31.15,NA,NA,NA,NA,NA,NA,NA,NA,NA,386.67,266.19,2019-12-31
133,"FIG18","R100",2019,"second","dough","october","R100.2019",3,4,401,9,"DO",2019-07-25,2019-09-23,2019-10-28,1791.11,767.842,NA,5307.12,92.98,4.61,50.77,80.55,49.64,1168.33,249.68,NA,1024.38,94.4,12.73,34.85,63.81,30.68,328.61,150.62,NA,575.28,94.54,6.98,29.35,59.53,30.71,58.06,115.57,2019-12-31
134,"FIG18","R100",2019,"second","dough","september","R100.2019",3,4,402,8,"DS",2019-07-25,2019-09-23,NA,1791.11,767.842,NA,4570.53,93.64,5.27,46.44,73.89,44.51,1168.33,249.68,NA,725.56,94.97,12.47,37.6,67.45,32.61,NA,NA,NA,NA,NA,NA,NA,NA,NA,386.67,266.19,2019-12-31
135,"FIG18","R100",2019,"second","dough","none","R100.2019",3,4,403,7,"DN",2019-07-25,NA,NA,1791.11,767.842,NA,4559.01,91.79,4.97,43.25,71.02,46.87,NA,NA,NA,NA,NA,NA,NA,NA,NA,NA,NA,NA,NA,NA,NA,NA,NA,NA,1555,515.87,2019-12-31
136,"FIG18","R100",2019,"second","anthesis","none","R100.2019",3,4,404,4,"AN",2019-07-05,NA,NA,1330.28,639.318,NA,7387.86,93,6.8,42.3,69.6,41.1,NA,NA,NA,NA,NA,NA,NA,NA,NA,NA,NA,NA,NA,NA,NA,NA,NA,NA,2015.83,644.4,2019-12-31
137,"FIG18","R100",2019,"second","anthesis","october","R100.2019",3,4,405,6,"AO",2019-07-05,2019-09-23,2019-10-28,1330.28,639.318,NA,8722.54,93,6.9,43.8,70,40.8,1629.17,378.21,NA,870.7,95.07,9.81,41.37,72.59,41.71,328.61,150.62,NA,792.21,95.41,6.49,32.56,65.35,34.66,58.06,115.57,2019-12-31
138,"FIG18","R100",2019,"second","anthesis","september","R100.2019",3,4,406,5,"AS",2019-07-05,2019-09-23,NA,1330.28,639.318,NA,11036.63,93,5.9,46.3,74.3,46.2,1629.17,378.21,NA,942.2,95.38,10.47,38.19,70.89,36.22,NA,NA,NA,NA,NA,NA,NA,NA,NA,386.67,266.19,2019-12-31
139,"FIG18","R100",2019,"second","boot","none","R100.2019",3,4,407,1,"BN",2019-06-10,NA,NA,821.94,520.192,NA,3603.45,92.31,12.5,37.18,60.88,27.54,NA,NA,NA,NA,NA,NA,NA,NA,NA,NA,NA,NA,NA,NA,NA,NA,NA,NA,2524.17,763.52,2019-12-31
140,"FIG18","R100",2019,"second","boot","september","R100.2019",3,4,408,2,"BS",2019-06-10,2019-09-23,NA,821.94,520.192,NA,3057.14,92.49,11.53,36.87,62.51,28.45,2137.5,497.33,NA,1615.79,94.14,6.25,40.54,72.18,44.29,NA,NA,NA,NA,NA,NA,NA,NA,NA,386.67,266.19,2019-12-31
141,"FIG18","R100",2019,"second","boot","october","R100.2019",3,4,409,3,"BO",2019-06-10,2019-09-23,2019-10-28,821.94,520.192,NA,2993.59,92.47,11.37,37.05,61.28,29.14,2137.5,497.33,NA,2003.9,95.17,6.55,39.16,70.62,45.71,328.61,150.62,NA,289.85,96.86,4.72,37.64,68.98,42.36,58.06,115.57,2019-12-31
142,"FIG18","R100",2019,"second","grain","none","R100.2019",3,4,410,10,"GN",2019-08-16,NA,NA,2262.5,810.514,NA,NA,94.95,2.26,53.7,82.48,58.04,NA,NA,NA,NA,NA,NA,NA,NA,NA,NA,NA,NA,NA,NA,NA,NA,NA,NA,1083.61,473.2,2019-12-31
143,"FIG18","R100",2019,"second","grain","october","R100.2019",3,4,411,12,"GO",2019-08-16,2019-09-23,2019-10-28,2262.5,810.514,NA,NA,94.34,2.14,52.06,82.94,55.91,696.94,207.01,NA,NA,94.55,15.58,33,60.53,27.45,328.61,150.62,NA,NA,94.05,12.58,27.36,52.79,22.04,58.06,115.57,2019-12-31
144,"FIG18","R100",2019,"second","grain","september","R100.2019",3,4,412,11,"GS",2019-08-16,2019-09-23,NA,2262.5,810.514,NA,NA,94.58,2.68,50.98,81.34,55.06,696.94,207.01,NA,NA,93.83,1.55,7.73,4.95,51.18,NA,NA,NA,NA,NA,NA,NA,NA,NA,386.67,266.19,2019-12-31
145,"FIG17","R70",2017,"first","boot","september","R70.2017",2,1,101,2,"BS",2017-06-08,2017-09-15,NA,969.72,436.372,51.95,1738.97,93.79,6.68,40.16,70.25,65.43,1991.39,376.94,57.4,132.97,96.2,6.94,36,68.29,63.07,NA,NA,NA,NA,NA,NA,NA,NA,NA,670.28,203.96,2017-12-31
146,"FIG17","R70",2017,"first","boot","none","R70.2017",2,1,102,1,"BN",2017-06-08,NA,NA,969.72,436.372,49.68,3703.37,94.05,7.58,38.65,67.45,65.5,NA,NA,NA,NA,NA,NA,NA,NA,NA,NA,NA,NA,NA,NA,NA,NA,NA,NA,2661.67,580.9,2017-12-31
147,"FIG17","R70",2017,"first","boot","october","R70.2017",2,1,103,3,"BO",2017-06-08,2017-09-15,2017-11-01,969.72,436.372,36,2359.37,93.31,6.96,38.48,64.86,61.68,1991.39,376.94,58.41,160.78,96.01,6.16,35.39,68.42,65.3,569.44,186.94,72.09,120.64,98.3,4.14,40.44,75.82,74.78,100.83,17.02,2017-12-31
148,"FIG17","R70",2017,"first","anthesis","september","R70.2017",2,1,104,5,"AS",2017-06-21,2017-09-15,NA,1256.39,502.158,70.33,2706.22,96.56,5.87,41.18,75.02,69.81,1704.72,311.15,63.59,237.92,97.52,7.74,38.34,71.28,64.75,NA,NA,NA,NA,NA,NA,NA,NA,NA,670.28,203.96,2017-12-31
149,"FIG17","R70",2017,"first","anthesis","none","R70.2017",2,1,105,4,"AN",2017-06-21,NA,NA,1256.39,502.158,71.97,2476.71,95.57,5.37,42.74,75.31,68.39,NA,NA,NA,NA,NA,NA,NA,NA,NA,NA,NA,NA,NA,NA,NA,NA,NA,NA,2375,515.11,2017-12-31
150,"FIG17","R70",2017,"first","anthesis","october","R70.2017",2,1,106,6,"AO",2017-06-21,2017-09-15,2017-11-01,1256.39,502.158,69.86,2486.05,96.01,5.11,40.84,75.25,62.5,1704.72,311.15,65.34,156.07,97.06,10.23,34.64,67.4,72.21,569.44,186.94,70.43,76.69,97.06,4.84,35.16,67.4,79.65,100.83,17.02,2017-12-31
151,"FIG17","R70",2017,"first","grain","october","R70.2017",2,1,107,12,"GO",2017-08-11,2017-09-15,2017-11-01,2316.39,706.374,53.25,3087.68,94.57,2.44,36.82,66.06,41.52,644.72,106.93,66.08,73.33,96.93,13.24,33.23,64.95,77.09,569.44,186.94,81.88,50.68,96.83,6.55,37.83,68.32,61.06,100.83,17.02,2017-12-31
152,"FIG17","R70",2017,"first","grain","september","R70.2017",2,1,108,11,"GS",2017-08-11,2017-09-15,NA,2316.39,706.374,51.1,2934.57,93.84,2.9,35.16,62.94,46.44,644.72,106.93,57.58,129.16,97.8,11.82,37.12,67.79,73.85,NA,NA,NA,NA,NA,NA,NA,NA,NA,670.28,203.96,2017-12-31
153,"FIG17","R70",2017,"first","grain","none","R70.2017",2,1,109,10,"GN",2017-08-11,NA,NA,2316.39,706.374,51.13,2674.01,94.11,2.1,35.75,65.9,44.59,NA,NA,NA,NA,NA,NA,NA,NA,NA,NA,NA,NA,NA,NA,NA,NA,NA,NA,1315,310.9,2017-12-31
154,"FIG17","R70",2017,"first","dough","none","R70.2017",2,1,110,7,"DN",2017-07-17,NA,NA,1788.06,543.306,53.52,2793.21,95.59,2.35,37.28,69.7,63.99,NA,NA,NA,NA,NA,NA,NA,NA,NA,NA,NA,NA,NA,NA,NA,NA,NA,NA,1843.33,473.96,2017-12-31
155,"FIG17","R70",2017,"first","dough","october","R70.2017",2,1,111,9,"DO",2017-07-17,2017-09-15,2017-11-01,1788.06,543.306,55.62,2836.39,94.95,3,36.61,68.53,59.01,1173.06,270,57.18,179.17,98.7,9.48,38.94,73.4,72.65,569.44,186.94,66.37,147.1,95.9,5.11,39.19,66.86,69.61,100.83,17.02,2017-12-31
156,"FIG17","R70",2017,"first","dough","september","R70.2017",2,1,112,8,"DS",2017-07-17,2017-09-15,NA,1788.06,543.306,52.98,2541.04,95.34,3.44,34.92,67.58,63.59,1173.06,270,60.25,171.32,98.73,10.25,36.9,71.28,72.43,NA,NA,NA,NA,NA,NA,NA,NA,NA,670.28,203.96,2017-12-31
157,"FIG17","R70",2017,"first","grain","none","R70.2017",2,2,201,10,"GN",2017-08-11,NA,NA,2316.39,706.374,52.89,2304.69,94.45,3.45,35.99,67.09,49.09,NA,NA,NA,NA,NA,NA,NA,NA,NA,NA,NA,NA,NA,NA,NA,NA,NA,NA,1315,310.9,2017-12-31
158,"FIG17","R70",2017,"first","grain","september","R70.2017",2,2,202,11,"GS",2017-08-11,2017-09-15,NA,2316.39,706.374,50.81,3098.95,94.89,3.21,38.88,67.89,48.74,644.72,106.93,61.47,121.31,98.22,11.73,37.29,70.93,71.62,NA,NA,NA,NA,NA,NA,NA,NA,NA,670.28,203.96,2017-12-31
159,"FIG17","R70",2017,"first","grain","october","R70.2017",2,2,203,12,"GO",2017-08-11,2017-09-15,2017-11-01,2316.39,706.374,51.69,2616.12,95.04,3.23,38.29,68.6,51.93,644.72,106.93,63.37,108.08,97.09,8.25,38.89,69.85,65.6,569.44,186.94,53.89,82.07,96.02,4.74,41.2,69.33,74.78,100.83,17.02,2017-12-31
160,"FIG17","R70",2017,"first","anthesis","none","R70.2017",2,2,204,4,"AN",2017-06-21,NA,NA,1256.39,502.158,69.08,1865.1,95.49,5.16,40.99,74.34,65.09,NA,NA,NA,NA,NA,NA,NA,NA,NA,NA,NA,NA,NA,NA,NA,NA,NA,NA,2375,515.11,2017-12-31
161,"FIG17","R70",2017,"first","anthesis","september","R70.2017",2,2,205,5,"AS",2017-06-21,2017-09-15,NA,1256.39,502.158,70.43,2304.85,95.82,4.45,43.13,75.57,64.71,1704.72,311.15,63.18,265.5,96.82,12.37,33.52,66.95,77.7,NA,NA,NA,NA,NA,NA,NA,NA,NA,670.28,203.96,2017-12-31
162,"FIG17","R70",2017,"first","anthesis","october","R70.2017",2,2,206,6,"AO",2017-06-21,2017-09-15,2017-11-01,1256.39,502.158,69.41,2675.05,95.72,5.5,40.07,73.71,65.69,1704.72,311.15,64.4,189.03,96.31,12.05,33.15,65.26,78.09,569.44,186.94,62.4,101.36,96.48,7.73,30.56,59.77,76.94,100.83,17.02,2017-12-31
163,"FIG17","R70",2017,"first","boot","october","R70.2017",2,2,207,3,"BO",2017-06-08,2017-09-15,2017-11-01,969.72,436.372,44.05,3033.81,93.55,6.33,38.69,67.02,64.19,1991.39,376.94,58.32,198.9,96.31,6.79,31.32,64.3,65.91,569.44,186.94,77.77,80.28,97.42,5.68,35.17,67.18,67.76,100.83,17.02,2017-12-31
164,"FIG17","R70",2017,"first","boot","september","R70.2017",2,2,208,2,"BS",2017-06-08,2017-09-15,NA,969.72,436.372,39.72,4393.12,93.17,6.76,38.56,66.4,62.9,NA,376.94,NA,NA,95.67,7.43,34.97,68.88,68.95,NA,NA,NA,NA,NA,NA,NA,NA,NA,670.28,203.96,2017-12-31
165,"FIG17","R70",2017,"first","boot","none","R70.2017",2,2,209,1,"BN",2017-06-08,NA,NA,969.72,436.372,24.36,4769.65,92.62,7.19,38.64,65.8,60.18,NA,NA,NA,NA,NA,NA,NA,NA,NA,NA,NA,NA,NA,NA,NA,NA,NA,NA,2661.67,580.9,2017-12-31
166,"FIG17","R70",2017,"first","dough","september","R70.2017",2,2,210,8,"DS",2017-07-17,2017-09-15,NA,1788.06,543.306,50.83,2877.7,96.31,2.01,35.74,68.94,65.46,1173.06,270,55.37,117.5,97.37,8.16,37.4,72.54,63.81,NA,NA,NA,NA,NA,NA,NA,NA,NA,670.28,203.96,2017-12-31
167,"FIG17","R70",2017,"first","dough","none","R70.2017",2,2,211,7,"DN",2017-07-17,NA,NA,1788.06,543.306,53,3014.24,94.89,3.02,35.84,65.71,58.28,NA,NA,NA,NA,NA,NA,NA,NA,NA,NA,NA,NA,NA,NA,NA,NA,NA,NA,1843.33,473.96,2017-12-31
168,"FIG17","R70",2017,"first","dough","october","R70.2017",2,2,212,9,"DO",2017-07-17,2017-09-15,2017-11-01,1788.06,543.306,53.09,4134.16,95.91,3.46,34.97,67.03,66.35,1173.06,270,63.26,203.16,98.23,8.24,37.28,71.73,74.65,569.44,186.94,64.95,163.25,96.37,6.81,32.63,62.15,73.28,100.83,17.02,2017-12-31
169,"FIG17","R70",2017,"first","anthesis","october","R70.2017",2,3,301,6,"AO",2017-06-21,2017-09-15,2017-11-01,1256.39,502.158,68.18,3523.22,95.09,5.09,44.27,73.94,56.9,1704.72,311.15,64.92,121.76,97.68,12.56,33.55,65.3,83.01,569.44,186.94,67.64,189.26,95.7,9.71,30.9,60.01,70.09,100.83,17.02,2017-12-31
170,"FIG17","R70",2017,"first","anthesis","september","R70.2017",2,3,302,5,"AS",2017-06-21,2017-09-15,NA,1256.39,502.158,69.57,1943.67,95.29,5.74,39.84,72.13,57.9,1704.72,311.15,60.64,185.9,97.4,9.46,39.26,69.17,64.89,NA,NA,NA,NA,NA,NA,NA,NA,NA,670.28,203.96,2017-12-31
171,"FIG17","R70",2017,"first","anthesis","none","R70.2017",2,3,303,4,"AN",2017-06-21,NA,NA,1256.39,502.158,69.25,2373.52,96.27,5.74,39.88,73.83,69.67,NA,NA,NA,NA,NA,NA,NA,NA,NA,NA,NA,NA,NA,NA,NA,NA,NA,NA,2375,515.11,2017-12-31
172,"FIG17","R70",2017,"first","grain","none","R70.2017",2,3,304,10,"GN",2017-08-11,NA,NA,2316.39,706.374,50,3503.87,94.53,0.89,35.92,65.86,42.17,NA,NA,NA,NA,NA,NA,NA,NA,NA,NA,NA,NA,NA,NA,NA,NA,NA,NA,1315,310.9,2017-12-31
173,"FIG17","R70",2017,"first","grain","september","R70.2017",2,3,305,11,"GS",2017-08-11,2017-09-15,NA,2316.39,706.374,51.74,2194.17,94.79,3.93,35.23,64.18,52.88,644.72,106.93,66.11,178.27,98.31,9.9,35.61,69.94,78.34,NA,NA,NA,NA,NA,NA,NA,NA,NA,670.28,203.96,2017-12-31
174,"FIG17","R70",2017,"first","grain","october","R70.2017",2,3,306,12,"GO",2017-08-11,2017-09-15,2017-11-01,2316.39,706.374,51.19,3235.77,95.21,3.11,37.26,66.97,53.49,644.72,106.93,66.85,166.39,98.93,8.39,41.02,78.72,75.59,569.44,186.94,67.43,124.23,96.53,5.63,37.1,68.07,70.83,100.83,17.02,2017-12-31
175,"FIG17","R70",2017,"first","boot","september","R70.2017",2,3,307,2,"BS",2017-06-08,2017-09-15,NA,969.72,436.372,44.4,4261.25,93.83,5.95,38.73,68.32,61.23,1991.39,376.94,53.43,146.2,97.32,6.29,33.61,68.75,75.82,NA,NA,NA,NA,NA,NA,NA,NA,NA,670.28,203.96,2017-12-31
176,"FIG17","R70",2017,"first","boot","october","R70.2017",2,3,308,3,"BO",2017-06-08,2017-09-15,2017-11-01,969.72,436.372,46.74,1316.04,94.16,7.36,37.09,65.6,72.53,1991.39,376.94,67.24,276.49,96.84,7.78,37.46,73.92,82.89,569.44,186.94,77.4,165.49,94.64,5.97,37.62,63.27,74.85,100.83,17.02,2017-12-31
177,"FIG17","R70",2017,"first","boot","none","R70.2017",2,3,309,1,"BN",2017-06-08,NA,NA,969.72,436.372,44.8,3978.31,94.39,6.96,38.93,68.72,71.17,NA,NA,NA,NA,NA,NA,NA,NA,NA,NA,NA,NA,NA,NA,NA,NA,NA,NA,2661.67,580.9,2017-12-31
178,"FIG17","R70",2017,"first","dough","none","R70.2017",2,3,310,7,"DN",2017-07-17,NA,NA,1788.06,543.306,50.6,4829.4,95.98,2.38,36.35,70.09,64.65,NA,NA,NA,NA,NA,NA,NA,NA,NA,NA,NA,NA,NA,NA,NA,NA,NA,NA,1843.33,473.96,2017-12-31
179,"FIG17","R70",2017,"first","dough","october","R70.2017",2,3,311,9,"DO",2017-07-17,2017-09-15,2017-11-01,1788.06,543.306,55.26,2468.21,95.83,4.48,35.25,67.17,65.88,1173.06,270,61.59,155.4,NA,NA,NA,NA,NA,569.44,186.94,75.35,55.16,95.32,7.72,32.2,60.39,68.22,100.83,17.02,2017-12-31
180,"FIG17","R70",2017,"first","dough","september","R70.2017",2,3,312,8,"DS",2017-07-17,2017-09-15,NA,1788.06,543.306,52.8,4763.06,96.19,3.25,35.3,67.09,68.87,1173.06,270,63.7,171.77,99.04,9.96,36.13,72.76,79.39,NA,NA,NA,NA,NA,NA,NA,NA,NA,670.28,203.96,2017-12-31
181,"FIG17","R70",2017,"first","dough","october","R70.2017",2,4,401,9,"DO",2017-07-17,2017-09-15,2017-11-01,1788.06,543.306,52.56,3914.43,96.93,3.07,36.57,70.91,69.76,1173.06,270,60.42,84.31,98.16,10.18,35.65,70.52,76.73,569.44,186.94,74.48,121.99,95.89,7.68,33.87,62.55,70.9,100.83,17.02,2017-12-31
182,"FIG17","R70",2017,"first","dough","september","R70.2017",2,4,402,8,"DS",2017-07-17,2017-09-15,NA,1788.06,543.306,49.87,3720.94,95.48,3.34,37.34,68.52,60.29,1173.06,270,65.76,169.97,97.21,10.4,34.54,67.43,76.86,NA,NA,NA,NA,NA,NA,NA,NA,NA,670.28,203.96,2017-12-31
183,"FIG17","R70",2017,"first","dough","none","R70.2017",2,4,403,7,"DN",2017-07-17,NA,NA,1788.06,543.306,51,3702.88,96.44,2.66,32.83,65.42,69,NA,NA,NA,NA,NA,NA,NA,NA,NA,NA,NA,NA,NA,NA,NA,NA,NA,NA,1843.33,473.96,2017-12-31
184,"FIG17","R70",2017,"first","anthesis","none","R70.2017",2,4,404,4,"AN",2017-06-21,NA,NA,1256.39,502.158,69.94,3443.36,95.11,7.04,40.97,70.02,63.09,NA,NA,NA,NA,NA,NA,NA,NA,NA,NA,NA,NA,NA,NA,NA,NA,NA,NA,2375,515.11,2017-12-31
185,"FIG17","R70",2017,"first","anthesis","october","R70.2017",2,4,405,6,"AO",2017-06-21,2017-09-15,2017-11-01,1256.39,502.158,68.77,2934.54,96.07,6.97,41.91,72.94,68.5,1704.72,311.15,69.39,115.04,97.22,13.55,31.26,62.13,83.38,569.44,186.94,69.14,178.94,96.42,12.29,26.16,52.51,75.77,100.83,17.02,2017-12-31
186,"FIG17","R70",2017,"first","anthesis","september","R70.2017",2,4,406,5,"AS",2017-06-21,2017-09-15,NA,1256.39,502.158,70.22,3049.97,95.67,6.77,39.29,70.32,64.29,1704.72,311.15,66.26,144.19,97.65,11.07,31.38,63.36,83.2,NA,NA,NA,NA,NA,NA,NA,NA,NA,670.28,203.96,2017-12-31
187,"FIG17","R70",2017,"first","boot","none","R70.2017",2,4,407,1,"BN",2017-06-08,NA,NA,969.72,436.372,24.38,6691.69,93.82,8.95,34.98,64.2,69.45,NA,NA,NA,NA,NA,NA,NA,NA,NA,NA,NA,NA,NA,NA,NA,NA,NA,NA,2661.67,580.9,2017-12-31
188,"FIG17","R70",2017,"first","boot","september","R70.2017",2,4,408,2,"BS",2017-06-08,2017-09-15,NA,969.72,436.372,54.4,4702.07,94.52,9.16,37.94,66.29,71.66,1991.39,376.94,65.86,186.79,97.88,14.31,31.59,62.05,82.35,NA,NA,NA,NA,NA,NA,NA,NA,NA,670.28,203.96,2017-12-31
189,"FIG17","R70",2017,"first","boot","october","R70.2017",2,4,409,3,"BO",2017-06-08,2017-09-15,2017-11-01,969.72,436.372,52.05,3311.38,94.01,11.21,34.11,61.31,77.17,1991.39,376.94,61.9,166.61,97.69,8.77,32.69,65.2,72.91,569.44,186.94,65.01,110.33,97.65,8.86,33.12,62.78,77.48,100.83,17.02,2017-12-31
190,"FIG17","R70",2017,"first","grain","none","R70.2017",2,4,410,10,"GN",2017-08-11,NA,NA,2316.39,706.374,51.8,1941.54,95.1,3.27,35.45,65.58,54.69,NA,NA,NA,NA,NA,NA,NA,NA,NA,NA,NA,NA,NA,NA,NA,NA,NA,NA,1315,310.9,2017-12-31
191,"FIG17","R70",2017,"first","grain","october","R70.2017",2,4,411,12,"GO",2017-08-11,2017-09-15,2017-11-01,2316.39,706.374,51.13,2464.45,95.91,3.13,34.44,65.01,54.61,644.72,106.93,64.86,80.05,99.16,13.91,31.53,64.05,88.66,569.44,186.94,73.09,79.38,97.41,7.31,35.31,65.51,70.8,100.83,17.02,2017-12-31
192,"FIG17","R70",2017,"first","grain","september","R70.2017",2,4,412,11,"GS",2017-08-11,2017-09-15,NA,2316.39,706.374,53,2684.54,95.55,3.81,37.88,68.93,47.7,644.72,106.93,63.55,202.04,98.65,11.72,32.8,67.44,81.14,NA,NA,NA,NA,NA,NA,NA,NA,NA,670.28,203.96,2017-12-31
193,"FIG17","R70",2018,"second","anthesis","september","R70.2018",3,1,104,5,"AS",2018-06-25,NA,NA,1169.17,433.832,69.59,1577.24,93.06,6.21,42.34,71.74,45.04,NA,NA,NA,NA,NA,NA,NA,NA,NA,NA,NA,NA,NA,NA,NA,NA,NA,NA,2236.94,613.66,2018-12-31
194,"FIG17","R70",2018,"second","anthesis","none","R70.2018",3,1,105,4,"AN",2018-06-25,NA,NA,1169.17,433.832,68.14,1299.97,92.74,6.14,41.07,71.4,44.82,NA,NA,NA,NA,NA,NA,NA,NA,NA,NA,NA,NA,NA,NA,NA,NA,NA,NA,2236.94,613.66,2018-12-31
195,"FIG17","R70",2018,"second","anthesis","october","R70.2018",3,1,106,6,"AO",2018-06-25,NA,NA,1169.17,433.832,69.18,920.33,92.41,8.18,37.99,65.1,43.63,NA,NA,NA,NA,NA,NA,NA,NA,NA,NA,NA,NA,NA,NA,NA,NA,NA,NA,2236.94,613.66,2018-12-31
196,"FIG17","R70",2018,"second","anthesis","none","R70.2018",3,2,204,4,"AN",2018-06-25,NA,NA,1169.17,433.832,68.18,1243.65,92.47,6.61,40.18,69.97,45.7,NA,NA,NA,NA,NA,NA,NA,NA,NA,NA,NA,NA,NA,NA,NA,NA,NA,NA,2236.94,613.66,2018-12-31
197,"FIG17","R70",2018,"second","anthesis","september","R70.2018",3,2,205,5,"AS",2018-06-25,NA,NA,1169.17,433.832,72.32,1109.88,92.66,5.61,42.19,71.86,43.07,NA,NA,NA,NA,NA,NA,NA,NA,NA,NA,NA,NA,NA,NA,NA,NA,NA,NA,2236.94,613.66,2018-12-31
198,"FIG17","R70",2018,"second","anthesis","october","R70.2018",3,2,206,6,"AO",2018-06-25,NA,NA,1169.17,433.832,67.23,1369.66,92.84,5.95,40.87,71.7,44.46,NA,NA,NA,NA,NA,NA,NA,NA,NA,NA,NA,NA,NA,NA,NA,NA,NA,NA,2236.94,613.66,2018-12-31
199,"FIG17","R70",2018,"second","anthesis","october","R70.2018",3,3,301,6,"AO",2018-06-25,NA,NA,1169.17,433.832,68.95,1448.83,92.68,5.54,40.91,69.47,40.33,NA,NA,NA,NA,NA,NA,NA,NA,NA,NA,NA,NA,NA,NA,NA,NA,NA,NA,2236.94,613.66,2018-12-31
200,"FIG17","R70",2018,"second","anthesis","september","R70.2018",3,3,302,5,"AS",2018-06-25,NA,NA,1169.17,433.832,70.54,1251.75,92.74,6.28,40.83,68.83,43.28,NA,NA,NA,NA,NA,NA,NA,NA,NA,NA,NA,NA,NA,NA,NA,NA,NA,NA,2236.94,613.66,2018-12-31
201,"FIG17","R70",2018,"second","anthesis","none","R70.2018",3,3,303,4,"AN",2018-06-25,NA,NA,1169.17,433.832,70.9,1153.77,92.93,7.11,40.73,70.07,48.28,NA,NA,NA,NA,NA,NA,NA,NA,NA,NA,NA,NA,NA,NA,NA,NA,NA,NA,2236.94,613.66,2018-12-31
202,"FIG17","R70",2018,"second","anthesis","none","R70.2018",3,4,404,4,"AN",2018-06-25,NA,NA,1169.17,433.832,69.39,1808.83,92.7,7.97,40.01,67.97,41.93,NA,NA,NA,NA,NA,NA,NA,NA,NA,NA,NA,NA,NA,NA,NA,NA,NA,NA,2236.94,613.66,2018-12-31
203,"FIG17","R70",2018,"second","anthesis","october","R70.2018",3,4,405,6,"AO",2018-06-25,NA,NA,1169.17,433.832,70.75,1800.98,92.76,7.92,40.1,67.99,41.75,NA,NA,NA,NA,NA,NA,NA,NA,NA,NA,NA,NA,NA,NA,NA,NA,NA,NA,2236.94,613.66,2018-12-31
204,"FIG17","R70",2018,"second","anthesis","september","R70.2018",3,4,406,5,"AS",2018-06-25,NA,NA,1169.17,433.832,71.81,2216.53,93.34,7.67,42.24,71.82,45.57,NA,NA,NA,NA,NA,NA,NA,NA,NA,NA,NA,NA,NA,NA,NA,NA,NA,NA,2236.94,613.66,2018-12-31
205,"FIG17","R70",2018,"second","boot","september","R70.2018",3,1,101,2,"BS",2018-06-07,NA,NA,784.17,267.97,82.73,575.2,92.12,9.74,35.75,62.16,47.34,NA,NA,NA,NA,NA,NA,NA,NA,NA,NA,NA,NA,NA,NA,NA,NA,NA,NA,2621.94,779.53,2018-12-31
206,"FIG17","R70",2018,"second","boot","none","R70.2018",3,1,102,1,"BN",2018-06-07,NA,NA,784.17,267.97,81.91,605.12,92.3,10.24,37.1,65.75,54.25,NA,NA,NA,NA,NA,NA,NA,NA,NA,NA,NA,NA,NA,NA,NA,NA,NA,NA,2621.94,779.53,2018-12-31
207,"FIG17","R70",2018,"second","boot","october","R70.2018",3,1,103,3,"BO",2018-06-07,NA,NA,784.17,267.97,82.29,487.67,91.75,9.7,36.04,61.53,49.11,NA,NA,NA,NA,NA,NA,NA,NA,NA,NA,NA,NA,NA,NA,NA,NA,NA,NA,2621.94,779.53,2018-12-31
208,"FIG17","R70",2018,"second","boot","october","R70.2018",3,2,207,3,"BO",2018-06-07,NA,NA,784.17,267.97,80.06,525.01,92.45,9.5,35.69,64.7,54.75,NA,NA,NA,NA,NA,NA,NA,NA,NA,NA,NA,NA,NA,NA,NA,NA,NA,NA,2621.94,779.53,2018-12-31
209,"FIG17","R70",2018,"second","boot","september","R70.2018",3,2,208,2,"BS",2018-06-07,NA,NA,784.17,267.97,85.38,609.54,92.09,8.94,37.3,66.44,53.07,NA,NA,NA,NA,NA,NA,NA,NA,NA,NA,NA,NA,NA,NA,NA,NA,NA,NA,2621.94,779.53,2018-12-31
210,"FIG17","R70",2018,"second","boot","none","R70.2018",3,2,209,1,"BN",2018-06-07,NA,NA,784.17,267.97,83.43,836.28,92.27,8.66,38.81,69.2,42.52,NA,NA,NA,NA,NA,NA,NA,NA,NA,NA,NA,NA,NA,NA,NA,NA,NA,NA,2621.94,779.53,2018-12-31
211,"FIG17","R70",2018,"second","boot","september","R70.2018",3,3,307,2,"BS",2018-06-07,NA,NA,784.17,267.97,82.18,618.29,92.33,9.63,36.55,64.78,52.28,NA,NA,NA,NA,NA,NA,NA,NA,NA,NA,NA,NA,NA,NA,NA,NA,NA,NA,2621.94,779.53,2018-12-31
212,"FIG17","R70",2018,"second","boot","october","R70.2018",3,3,308,3,"BO",2018-06-07,NA,NA,784.17,267.97,81.15,372.07,91.91,11.86,33.7,59.91,50.85,NA,NA,NA,NA,NA,NA,NA,NA,NA,NA,NA,NA,NA,NA,NA,NA,NA,NA,2621.94,779.53,2018-12-31
213,"FIG17","R70",2018,"second","boot","none","R70.2018",3,3,309,1,"BN",2018-06-07,NA,NA,784.17,267.97,80.81,730.22,92.37,11.6,35,62.7,53.17,NA,NA,NA,NA,NA,NA,NA,NA,NA,NA,NA,NA,NA,NA,NA,NA,NA,NA,2621.94,779.53,2018-12-31
214,"FIG17","R70",2018,"second","boot","none","R70.2018",3,4,407,1,"BN",2018-06-07,NA,NA,784.17,267.97,78.92,1455.31,92.38,10.25,39.53,68.04,38.62,NA,NA,NA,NA,NA,NA,NA,NA,NA,NA,NA,NA,NA,NA,NA,NA,NA,NA,2621.94,779.53,2018-12-31
215,"FIG17","R70",2018,"second","boot","september","R70.2018",3,4,408,2,"BS",2018-06-07,NA,NA,784.17,267.97,82.06,893.71,92.45,12.78,35.91,62.32,53.48,NA,NA,NA,NA,NA,NA,NA,NA,NA,NA,NA,NA,NA,NA,NA,NA,NA,NA,2621.94,779.53,2018-12-31
216,"FIG17","R70",2018,"second","boot","october","R70.2018",3,4,409,3,"BO",2018-06-07,NA,NA,784.17,267.97,83.48,1028.67,92.38,10.01,36.35,63.86,54.98,NA,NA,NA,NA,NA,NA,NA,NA,NA,NA,NA,NA,NA,NA,NA,NA,NA,NA,2621.94,779.53,2018-12-31
217,"FIG17","R70",2018,"second","dough","none","R70.2018",3,1,110,7,"DN",2018-07-18,NA,NA,1708.89,546.608,46.01,1891.64,93.01,4.73,38.28,66.13,37.39,NA,NA,NA,NA,NA,NA,NA,NA,NA,NA,NA,NA,NA,NA,NA,NA,NA,NA,1697.22,500.89,2018-12-31
218,"FIG17","R70",2018,"second","dough","october","R70.2018",3,1,111,9,"DO",2018-07-18,NA,NA,1708.89,546.608,49.23,1341.19,93.52,4,36.32,65.36,40.84,NA,NA,NA,NA,NA,NA,NA,NA,NA,NA,NA,NA,NA,NA,NA,NA,NA,NA,1697.22,500.89,2018-12-31
219,"FIG17","R70",2018,"second","dough","september","R70.2018",3,1,112,8,"DS",2018-07-18,NA,NA,1708.89,546.608,49.64,1534.56,93.06,4.98,36.59,65.06,39.55,NA,NA,NA,NA,NA,NA,NA,NA,NA,NA,NA,NA,NA,NA,NA,NA,NA,NA,1697.22,500.89,2018-12-31
220,"FIG17","R70",2018,"second","dough","september","R70.2018",3,2,210,8,"DS",2018-07-18,NA,NA,1708.89,546.608,48.63,1434.89,93.51,4.86,37.91,66.77,43.54,NA,NA,NA,NA,NA,NA,NA,NA,NA,NA,NA,NA,NA,NA,NA,NA,NA,NA,1697.22,500.89,2018-12-31
221,"FIG17","R70",2018,"second","dough","none","R70.2018",3,2,211,7,"DN",2018-07-18,NA,NA,1708.89,546.608,52.05,1528.89,93.84,4.86,38.06,67.52,43.94,NA,NA,NA,NA,NA,NA,NA,NA,NA,NA,NA,NA,NA,NA,NA,NA,NA,NA,1697.22,500.89,2018-12-31
222,"FIG17","R70",2018,"second","dough","october","R70.2018",3,2,212,9,"DO",2018-07-18,NA,NA,1708.89,546.608,49.4,2189.09,93,4.24,38.96,67.52,35.52,NA,NA,NA,NA,NA,NA,NA,NA,NA,NA,NA,NA,NA,NA,NA,NA,NA,NA,1697.22,500.89,2018-12-31
223,"FIG17","R70",2018,"second","dough","none","R70.2018",3,3,310,7,"DN",2018-07-18,NA,NA,1708.89,546.608,51.16,1980.7,93.98,3.75,38,67.8,38.84,NA,NA,NA,NA,NA,NA,NA,NA,NA,NA,NA,NA,NA,NA,NA,NA,NA,NA,1697.22,500.89,2018-12-31
224,"FIG17","R70",2018,"second","dough","october","R70.2018",3,3,311,9,"DO",2018-07-18,NA,NA,1708.89,546.608,51.95,1546.27,93.47,5.33,38.76,67.74,40.29,NA,NA,NA,NA,NA,NA,NA,NA,NA,NA,NA,NA,NA,NA,NA,NA,NA,NA,1697.22,500.89,2018-12-31
225,"FIG17","R70",2018,"second","dough","september","R70.2018",3,3,312,8,"DS",2018-07-18,NA,NA,1708.89,546.608,49.53,2723.22,93.37,5.42,37.91,66.5,39.71,NA,NA,NA,NA,NA,NA,NA,NA,NA,NA,NA,NA,NA,NA,NA,NA,NA,NA,1697.22,500.89,2018-12-31
226,"FIG17","R70",2018,"second","dough","october","R70.2018",3,4,401,9,"DO",2018-07-18,NA,NA,1708.89,546.608,51.67,1695.75,93.84,4.41,39.27,69.63,42.43,NA,NA,NA,NA,NA,NA,NA,NA,NA,NA,NA,NA,NA,NA,NA,NA,NA,NA,1697.22,500.89,2018-12-31
227,"FIG17","R70",2018,"second","dough","september","R70.2018",3,4,402,8,"DS",2018-07-18,NA,NA,1708.89,546.608,51.35,2009.93,93.08,5.27,38.19,65.67,37.14,NA,NA,NA,NA,NA,NA,NA,NA,NA,NA,NA,NA,NA,NA,NA,NA,NA,NA,1697.22,500.89,2018-12-31
228,"FIG17","R70",2018,"second","dough","none","R70.2018",3,4,403,7,"DN",2018-07-18,NA,NA,1708.89,546.608,51.97,2093.07,93.89,5.76,38.02,66.77,44.75,NA,NA,NA,NA,NA,NA,NA,NA,NA,NA,NA,NA,NA,NA,NA,NA,NA,NA,1697.22,500.89,2018-12-31
229,"FIG17","R70",2018,"second","grain","october","R70.2018",3,1,107,12,"GO",NA,NA,NA,NA,NA,NA,NA,NA,NA,NA,NA,NA,NA,NA,NA,NA,NA,NA,NA,NA,NA,NA,NA,NA,NA,NA,NA,NA,NA,NA,NA,NA,NA
230,"FIG17","R70",2018,"second","grain","september","R70.2018",3,1,108,11,"GS",NA,NA,NA,NA,NA,NA,NA,NA,NA,NA,NA,NA,NA,NA,NA,NA,NA,NA,NA,NA,NA,NA,NA,NA,NA,NA,NA,NA,NA,NA,NA,NA,NA
231,"FIG17","R70",2018,"second","grain","none","R70.2018",3,1,109,10,"GN",NA,NA,NA,NA,NA,NA,NA,NA,NA,NA,NA,NA,NA,NA,NA,NA,NA,NA,NA,NA,NA,NA,NA,NA,NA,NA,NA,NA,NA,NA,NA,NA,NA
232,"FIG17","R70",2018,"second","grain","none","R70.2018",3,2,201,10,"GN",NA,NA,NA,NA,NA,NA,NA,NA,NA,NA,NA,NA,NA,NA,NA,NA,NA,NA,NA,NA,NA,NA,NA,NA,NA,NA,NA,NA,NA,NA,NA,NA,NA
233,"FIG17","R70",2018,"second","grain","september","R70.2018",3,2,202,11,"GS",NA,NA,NA,NA,NA,NA,NA,NA,NA,NA,NA,NA,NA,NA,NA,NA,NA,NA,NA,NA,NA,NA,NA,NA,NA,NA,NA,NA,NA,NA,NA,NA,NA
234,"FIG17","R70",2018,"second","grain","october","R70.2018",3,2,203,12,"GO",NA,NA,NA,NA,NA,NA,NA,NA,NA,NA,NA,NA,NA,NA,NA,NA,NA,NA,NA,NA,NA,NA,NA,NA,NA,NA,NA,NA,NA,NA,NA,NA,NA
235,"FIG17","R70",2018,"second","grain","none","R70.2018",3,3,304,10,"GN",NA,NA,NA,NA,NA,NA,NA,NA,NA,NA,NA,NA,NA,NA,NA,NA,NA,NA,NA,NA,NA,NA,NA,NA,NA,NA,NA,NA,NA,NA,NA,NA,NA
236,"FIG17","R70",2018,"second","grain","september","R70.2018",3,3,305,11,"GS",NA,NA,NA,NA,NA,NA,NA,NA,NA,NA,NA,NA,NA,NA,NA,NA,NA,NA,NA,NA,NA,NA,NA,NA,NA,NA,NA,NA,NA,NA,NA,NA,NA
237,"FIG17","R70",2018,"second","grain","october","R70.2018",3,3,306,12,"GO",NA,NA,NA,NA,NA,NA,NA,NA,NA,NA,NA,NA,NA,NA,NA,NA,NA,NA,NA,NA,NA,NA,NA,NA,NA,NA,NA,NA,NA,NA,NA,NA,NA
238,"FIG17","R70",2018,"second","grain","none","R70.2018",3,4,410,10,"GN",NA,NA,NA,NA,NA,NA,NA,NA,NA,NA,NA,NA,NA,NA,NA,NA,NA,NA,NA,NA,NA,NA,NA,NA,NA,NA,NA,NA,NA,NA,NA,NA,NA
239,"FIG17","R70",2018,"second","grain","october","R70.2018",3,4,411,12,"GO",NA,NA,NA,NA,NA,NA,NA,NA,NA,NA,NA,NA,NA,NA,NA,NA,NA,NA,NA,NA,NA,NA,NA,NA,NA,NA,NA,NA,NA,NA,NA,NA,NA
240,"FIG17","R70",2018,"second","grain","september","R70.2018",3,4,412,11,"GS",NA,NA,NA,NA,NA,NA,NA,NA,NA,NA,NA,NA,NA,NA,NA,NA,NA,NA,NA,NA,NA,NA,NA,NA,NA,NA,NA,NA,NA,NA,NA,NA,NA
