site,year,DOY,date,max,min,mean,GDD Tmin,GDD,Cumulative GDD,precip,cum.precip
Rosemount,2017,1,1/1/2017,-3.9,-8.9,-6.4,0.0,0.0,0.0,0,0
Rosemount,2017,2,1/2/2017,-0.6,-8.3,-4.4,0.0,0.0,0.0,0,0
Rosemount,2017,3,1/3/2017,-0.6,-6.7,-3.6,0.0,0.0,0.0,24.13,24.13
Rosemount,2017,4,1/4/2017,-6.7,-21.1,-13.9,0.0,0.0,0.0,0,24.13
Rosemount,2017,5,1/5/2017,-16.1,-21.7,-18.9,0.0,0.0,0.0,0,24.13
Rosemount,2017,6,1/6/2017,-17.2,-22.8,-20.0,0.0,0.0,0.0,0,24.13
Rosemount,2017,7,1/7/2017,-15.6,-24.4,-20.0,0.0,0.0,0.0,0,24.13
Rosemount,2017,8,1/8/2017,-12.8,-20.6,-16.7,0.0,0.0,0.0,0,24.13
Rosemount,2017,9,1/9/2017,-8.3,-22.2,-15.3,0.0,0.0,0.0,0,24.13
Rosemount,2017,10,1/10/2017,-3.3,-9.4,-6.4,0.0,0.0,0.0,2.54,26.67
Rosemount,2017,11,1/11/2017,-2.8,-16.1,-9.4,0.0,0.0,0.0,3.81,30.48
Rosemount,2017,12,1/12/2017,-12.8,-16.1,-14.4,0.0,0.0,0.0,0,30.48
Rosemount,2017,13,1/13/2017,-10.6,-21.1,-15.8,0.0,0.0,0.0,0,30.48
Rosemount,2017,14,1/14/2017,-13.9,-23.3,-18.6,0.0,0.0,0.0,0,30.48
Rosemount,2017,15,1/15/2017,-6.1,-18.3,-12.2,0.0,0.0,0.0,0,30.48
Rosemount,2017,16,1/16/2017,-0.6,-18.9,-9.7,0.0,0.0,0.0,0,30.48
Rosemount,2017,17,1/17/2017,-0.6,-12.2,-6.4,0.0,0.0,0.0,12.7,43.18
Rosemount,2017,18,1/18/2017,0.6,-2.8,-1.1,0.0,0.3,0.0,0,43.18
Rosemount,2017,19,1/19/2017,3.3,-4.4,-0.6,0.0,1.7,0.0,0,43.18
Rosemount,2017,20,1/20/2017,2.8,-1.7,0.6,0.0,1.4,0.0,2.54,45.72
Rosemount,2017,21,1/21/2017,2.8,0.6,1.7,0.6,1.7,0.0,0,45.72
Rosemount,2017,22,1/22/2017,2.2,0.0,1.1,0.0,1.1,0.0,2.794,48.514
Rosemount,2017,23,1/23/2017,3.3,0.0,1.7,0.0,1.7,0.0,1.27,49.784
Rosemount,2017,24,1/24/2017,0.6,-0.6,0.0,0.0,0.3,0.0,0,49.784
Rosemount,2017,25,1/25/2017,0.0,-1.1,-0.6,0.0,0.0,0.0,3.048,52.832
Rosemount,2017,26,1/26/2017,-0.6,-2.8,-1.7,0.0,0.0,0.0,0,52.832
Rosemount,2017,27,1/27/2017,-2.2,-5.6,-3.9,0.0,0.0,0.0,0,52.832
Rosemount,2017,28,1/28/2017,-1.7,-10.0,-5.8,0.0,0.0,0.0,0,52.832
Rosemount,2017,29,1/29/2017,-2.8,-5.6,-4.2,0.0,0.0,0.0,0,52.832
Rosemount,2017,30,1/30/2017,-2.2,-12.2,-7.2,0.0,0.0,0.0,0,52.832
Rosemount,2017,31,1/31/2017,4.4,-12.8,-4.2,0.0,2.2,0.0,1.778,54.61
Rosemount,2017,32,2/1/2017,3.3,-10.0,-3.3,0.0,1.7,0.0,0.762,55.372
Rosemount,2017,33,2/2/2017,-1.7,-13.9,-7.8,0.0,0.0,0.0,0,55.372
Rosemount,2017,34,2/3/2017,-8.3,-15.0,-11.7,0.0,0.0,0.0,0,55.372
Rosemount,2017,35,2/4/2017,-5.0,-14.4,-9.7,0.0,0.0,0.0,0,55.372
Rosemount,2017,36,2/5/2017,1.1,-8.3,-3.6,0.0,0.6,0.0,0,55.372
Rosemount,2017,37,2/6/2017,-2.8,-8.9,-5.8,0.0,0.0,0.0,0,55.372
Rosemount,2017,38,2/7/2017,0.6,-8.3,-3.9,0.0,0.3,0.0,0,55.372
Rosemount,2017,39,2/8/2017,-3.9,-17.2,-10.6,0.0,0.0,0.0,0,55.372
Rosemount,2017,40,2/9/2017,-10.0,-17.2,-13.6,0.0,0.0,0.0,0,55.372
Rosemount,2017,41,2/10/2017,-6.1,-16.7,-11.4,0.0,0.0,0.0,0,55.372
Rosemount,2017,42,2/11/2017,5.6,-6.1,-0.3,0.0,2.8,0.0,0,55.372
Rosemount,2017,43,2/12/2017,5.6,-2.2,1.7,0.0,2.8,0.0,0,55.372
Rosemount,2017,44,2/13/2017,2.8,-3.3,-0.3,0.0,1.4,0.0,0,55.372
Rosemount,2017,45,2/14/2017,7.2,-2.2,2.5,0.0,3.6,0.0,0,55.372
Rosemount,2017,46,2/15/2017,5.0,-7.2,-1.1,0.0,2.5,0.0,0,55.372
Rosemount,2017,47,2/16/2017,1.1,-7.2,-3.1,0.0,0.6,0.0,0,55.372
Rosemount,2017,48,2/17/2017,4.4,-2.2,1.1,0.0,2.2,0.0,0,55.372
Rosemount,2017,49,2/18/2017,13.9,-0.6,6.7,0.0,6.9,0.0,0,55.372
Rosemount,2017,50,2/19/2017,13.3,-1.1,6.1,0.0,6.7,0.0,0,55.372
Rosemount,2017,51,2/20/2017,13.9,1.1,7.5,1.1,7.5,0.0,0,55.372
Rosemount,2017,52,2/21/2017,11.1,-1.1,5.0,0.0,5.6,5.6,15.24,70.612
Rosemount,2017,53,2/22/2017,15.6,-1.1,7.2,0.0,7.8,13.3,0,70.612
Rosemount,2017,54,2/23/2017,14.4,-0.6,6.9,0.0,7.2,20.6,0,70.612
Rosemount,2017,55,2/24/2017,2.8,-4.4,-0.8,0.0,1.4,21.9,0,70.612
Rosemount,2017,56,2/25/2017,-3.9,-10.6,-7.2,0.0,0.0,21.9,0,70.612
Rosemount,2017,57,2/26/2017,0.0,-10.0,-5.0,0.0,0.0,21.9,0,70.612
Rosemount,2017,58,2/27/2017,3.3,-5.6,-1.1,0.0,1.7,23.6,0,70.612
Rosemount,2017,59,2/28/2017,5.0,-3.3,0.8,0.0,2.5,26.1,0,70.612
Rosemount,2017,60,3/1/2017,7.8,-4.4,1.7,0.0,3.9,30.0,1.778,72.39
Rosemount,2017,61,3/2/2017,2.2,-8.3,-3.1,0.0,1.1,31.1,0,72.39
Rosemount,2017,62,3/3/2017,-1.7,-11.1,-6.4,0.0,0.0,31.1,0,72.39
Rosemount,2017,63,3/4/2017,-1.7,-10.6,-6.1,0.0,0.0,31.1,0,72.39
Rosemount,2017,64,3/5/2017,4.4,-3.9,0.3,0.0,2.2,33.3,0,72.39
Rosemount,2017,65,3/6/2017,11.1,3.9,7.5,3.9,7.5,40.8,0,72.39
Rosemount,2017,66,3/7/2017,17.8,-2.8,7.5,0.0,8.9,49.7,2.54,74.93
Rosemount,2017,67,3/8/2017,8.9,-3.9,2.5,0.0,4.4,54.2,0,74.93
Rosemount,2017,68,3/9/2017,1.1,-5.0,-1.9,0.0,0.6,54.7,0,74.93
Rosemount,2017,69,3/10/2017,-1.1,-15.6,-8.3,0.0,0.0,54.7,0,74.93
Rosemount,2017,70,3/11/2017,-1.1,-15.6,-8.3,0.0,0.0,54.7,0,74.93
Rosemount,2017,71,3/12/2017,-8.3,-15.0,-11.7,0.0,0.0,54.7,0,74.93
Rosemount,2017,72,3/13/2017,-7.2,-13.3,-10.3,0.0,0.0,54.7,7.112,82.042
Rosemount,2017,73,3/14/2017,-5.6,-13.3,-9.4,0.0,0.0,54.7,0,82.042
Rosemount,2017,74,3/15/2017,-3.3,-15.6,-9.4,0.0,0.0,54.7,0,82.042
Rosemount,2017,75,3/16/2017,-2.8,-15.0,-8.9,0.0,0.0,54.7,0,82.042
Rosemount,2017,76,3/17/2017,-1.7,-11.1,-6.4,0.0,0.0,54.7,0,82.042
Rosemount,2017,77,3/18/2017,3.9,-5.6,-0.8,0.0,1.9,56.7,0,82.042
Rosemount,2017,78,3/19/2017,6.1,-1.7,2.2,0.0,3.1,59.7,0,82.042
Rosemount,2017,79,3/20/2017,5.6,-2.2,1.7,0.0,2.8,62.5,0,82.042
Rosemount,2017,80,3/21/2017,11.7,-2.2,4.7,0.0,5.8,68.3,0,82.042
Rosemount,2017,81,3/22/2017,2.2,-7.8,-2.8,0.0,1.1,69.4,0,82.042
Rosemount,2017,82,3/23/2017,4.4,-6.7,-1.1,0.0,2.2,71.7,0,82.042
Rosemount,2017,83,3/24/2017,3.3,1.7,2.5,1.7,2.5,74.2,1.016,83.058
Rosemount,2017,84,3/25/2017,6.7,2.2,4.4,2.2,4.4,78.6,0,83.058
Rosemount,2017,85,3/26/2017,5.0,1.1,3.1,1.1,3.1,81.7,0.508,83.566
Rosemount,2017,86,3/27/2017,5.6,1.1,3.3,1.1,3.3,85.0,1.27,84.836
Rosemount,2017,87,3/28/2017,12.2,-1.1,5.6,0.0,6.1,91.1,0,84.836
Rosemount,2017,88,3/29/2017,17.2,0.0,8.6,0.0,8.6,99.7,0,84.836
Rosemount,2017,89,3/30/2017,8.9,2.2,5.6,2.2,5.6,105.3,2.286,87.122
Rosemount,2017,90,3/31/2017,7.2,-0.6,3.3,0.0,3.6,108.9,0,87.122
Rosemount,2017,91,4/1/2017,13.3,-0.6,6.4,0.0,6.7,115.6,0,87.122
Rosemount,2017,92,4/2/2017,17.8,0.6,9.2,0.6,9.2,124.7,0,87.122
Rosemount,2017,93,4/3/2017,12.2,4.4,8.3,4.4,8.3,133.1,0,87.122
Rosemount,2017,94,4/4/2017,10.0,6.1,8.1,6.1,8.1,141.1,4.826,91.948
Rosemount,2017,95,4/5/2017,16.1,4.4,10.3,4.4,10.3,151.4,0,91.948
Rosemount,2017,96,4/6/2017,11.7,1.1,6.4,1.1,6.4,157.8,0,91.948
Rosemount,2017,97,4/7/2017,11.7,-3.3,4.2,0.0,5.8,163.6,0,91.948
Rosemount,2017,98,4/8/2017,15.0,-0.6,7.2,0.0,7.5,171.1,0,91.948
Rosemount,2017,99,4/9/2017,21.1,8.3,14.7,8.3,14.7,185.8,0,91.948
Rosemount,2017,100,4/10/2017,22.8,6.7,14.7,6.7,14.7,200.6,9.652,101.6
Rosemount,2017,101,4/11/2017,7.2,-0.6,3.3,0.0,3.6,204.2,2.032,103.632
Rosemount,2017,102,4/12/2017,10.6,0.0,5.3,0.0,5.3,209.4,0,103.632
Rosemount,2017,103,4/13/2017,13.3,4.4,8.9,4.4,8.9,218.3,4.826,108.458
Rosemount,2017,104,4/14/2017,12.2,6.7,9.4,6.7,9.4,227.8,0,108.458
Rosemount,2017,105,4/15/2017,17.8,8.9,13.3,8.9,13.3,241.1,0,108.458
Rosemount,2017,106,4/16/2017,21.7,6.7,14.2,6.7,14.2,255.3,14.732,123.19
Rosemount,2017,107,4/17/2017,17.8,6.1,11.9,6.1,11.9,267.2,40.132,163.322
Rosemount,2017,108,4/18/2017,14.4,7.2,10.8,7.2,10.8,278.1,0,163.322
Rosemount,2017,109,4/19/2017,18.9,6.1,12.5,6.1,12.5,290.6,1.524,164.846
Rosemount,2017,110,4/20/2017,8.9,4.4,6.7,4.4,6.7,297.2,28.956,193.802
Rosemount,2017,111,4/21/2017,8.9,0.0,4.4,0.0,4.4,301.7,0,193.802
Rosemount,2017,112,4/22/2017,16.7,2.2,9.4,2.2,9.4,311.1,0,193.802
Rosemount,2017,113,4/23/2017,20.0,6.1,13.1,6.1,13.1,324.2,0,193.802
Rosemount,2017,114,4/24/2017,21.1,9.4,15.3,9.4,15.3,339.4,0,193.802
Rosemount,2017,115,4/25/2017,21.1,11.7,16.4,11.7,16.4,355.8,0,193.802
Rosemount,2017,116,4/26/2017,14.4,2.2,8.3,2.2,8.3,364.2,22.86,216.662
Rosemount,2017,117,4/27/2017,3.9,0.0,1.9,0.0,1.9,366.1,0.762,217.424
Rosemount,2017,118,4/28/2017,2.8,-0.6,1.1,0.0,1.4,367.5,0,217.424
Rosemount,2017,119,4/29/2017,10.0,2.2,6.1,2.2,6.1,373.6,0,217.424
Rosemount,2017,120,4/30/2017,12.2,3.3,7.8,3.3,7.8,381.4,0,217.424
Rosemount,2017,121,5/1/2017,7.8,2.2,5.0,2.2,5.0,386.4,21.844,239.268
Rosemount,2017,122,5/2/2017,5.0,0.6,2.8,0.6,2.8,389.2,8.128,247.396
Rosemount,2017,123,5/3/2017,15.6,3.9,9.7,3.9,9.7,398.9,0,247.396
Rosemount,2017,124,5/4/2017,18.9,5.0,11.9,5.0,11.9,410.8,0,247.396
Rosemount,2017,125,5/5/2017,20.0,3.9,11.9,3.9,11.9,422.8,0,247.396
Rosemount,2017,126,5/6/2017,25.0,6.1,15.6,6.1,15.6,438.3,0,247.396
Rosemount,2017,127,5/7/2017,19.4,7.8,13.6,7.8,13.6,451.9,0,247.396
Rosemount,2017,128,5/8/2017,19.4,6.7,13.1,6.7,13.1,465.0,0,247.396
Rosemount,2017,129,5/9/2017,21.7,9.4,15.6,9.4,15.6,480.6,1.524,248.92
Rosemount,2017,130,5/10/2017,21.7,8.3,15.0,8.3,15.0,495.6,0,248.92
Rosemount,2017,131,5/11/2017,19.4,7.2,13.3,7.2,13.3,508.9,0,248.92
Rosemount,2017,132,5/12/2017,18.9,5.0,11.9,5.0,11.9,520.8,0,248.92
Rosemount,2017,133,5/13/2017,24.4,11.7,18.1,11.7,18.1,538.9,0,248.92
Rosemount,2017,134,5/14/2017,27.2,11.7,19.4,11.7,19.4,558.3,0,248.92
Rosemount,2017,135,5/15/2017,31.1,14.4,22.8,14.4,22.8,581.1,0,248.92
Rosemount,2017,136,5/16/2017,21.1,15.0,18.1,15.0,18.1,599.2,43.18,292.1
Rosemount,2017,137,5/17/2017,27.2,15.6,21.4,15.6,21.4,620.6,11.684,303.784
Rosemount,2017,138,5/18/2017,21.1,7.8,14.4,7.8,14.4,635.0,49.53,353.314
Rosemount,2017,139,5/19/2017,11.7,5.0,8.3,5.0,8.3,643.3,0.762,354.076
Rosemount,2017,140,5/20/2017,11.7,5.6,8.6,5.6,8.6,651.9,0,354.076
Rosemount,2017,141,5/21/2017,10.0,4.4,7.2,4.4,7.2,659.2,32.258,386.334
Rosemount,2017,142,5/22/2017,10.0,5.6,7.8,5.6,7.8,666.9,38.1,424.434
Rosemount,2017,143,5/23/2017,18.9,9.4,14.2,9.4,14.2,681.1,2.032,426.466
Rosemount,2017,144,5/24/2017,14.4,7.2,10.8,7.2,10.8,691.9,1.27,427.736
Rosemount,2017,145,5/25/2017,17.2,7.8,12.5,7.8,12.5,704.4,0,427.736
Rosemount,2017,146,5/26/2017,21.7,12.2,16.9,12.2,16.9,721.4,0.508,428.244
Rosemount,2017,147,5/27/2017,26.1,11.1,18.6,11.1,18.6,740.0,0,428.244
Rosemount,2017,148,5/28/2017,21.7,11.1,16.4,11.1,16.4,756.4,0,428.244
Rosemount,2017,149,5/29/2017,22.8,11.1,16.9,11.1,16.9,773.3,1.27,429.514
Rosemount,2017,150,5/30/2017,18.9,10.0,14.4,10.0,14.4,787.8,3.81,433.324
Rosemount,2017,151,5/31/2017,15.6,7.8,11.7,7.8,11.7,799.4,0,433.324
Rosemount,2017,152,6/1/2017,23.3,7.8,15.6,7.8,15.6,815.0,0,433.324
Rosemount,2017,153,6/2/2017,26.7,10.6,18.6,10.6,18.6,833.6,0,433.324
Rosemount,2017,154,6/3/2017,32.8,17.8,25.3,17.8,25.3,858.9,0,433.324
Rosemount,2017,155,6/4/2017,32.8,14.4,23.6,14.4,23.6,882.5,0,433.324
Rosemount,2017,156,6/5/2017,31.7,14.4,23.1,14.4,23.1,905.6,1.778,435.102
Rosemount,2017,157,6/6/2017,27.2,12.2,19.7,12.2,19.7,925.3,0,435.102
Rosemount,2017,158,6/7/2017,27.2,12.8,20.0,12.8,20.0,945.3,0,435.102
Rosemount,2017,159,6/8/2017,31.1,17.8,24.4,17.8,24.4,969.7,1.27,436.372
Rosemount,2017,160,6/9/2017,28.3,16.7,22.5,16.7,22.5,992.2,0,436.372
Rosemount,2017,161,6/10/2017,30.6,19.4,25.0,19.4,25.0,1017.2,0,436.372
Rosemount,2017,162,6/11/2017,36.1,22.2,29.2,22.2,29.2,1046.4,0,436.372
Rosemount,2017,163,6/12/2017,23.3,16.7,20.0,16.7,20.0,1066.4,29.21,465.582
Rosemount,2017,164,6/13/2017,27.2,18.3,22.8,18.3,22.8,1089.2,8.89,474.472
Rosemount,2017,165,6/14/2017,32.2,17.2,24.7,17.2,24.7,1113.9,5.08,479.552
Rosemount,2017,166,6/15/2017,27.8,16.7,22.2,16.7,22.2,1136.1,0,479.552
Rosemount,2017,167,6/16/2017,27.8,15.6,21.7,15.6,21.7,1157.8,0,479.552
Rosemount,2017,168,6/17/2017,28.9,15.6,22.2,15.6,22.2,1180.0,0,479.552
Rosemount,2017,169,6/18/2017,28.9,13.9,21.4,13.9,21.4,1201.4,10.16,489.712
Rosemount,2017,170,6/19/2017,22.8,14.4,18.6,14.4,18.6,1220.0,6.096,495.808
Rosemount,2017,171,6/20/2017,22.8,13.9,18.3,13.9,18.3,1238.3,5.588,501.396
Rosemount,2017,172,6/21/2017,23.9,12.2,18.1,12.2,18.1,1256.4,0.762,502.158
Rosemount,2017,173,6/22/2017,26.7,12.2,19.4,12.2,19.4,1275.8,1.524,503.682
Rosemount,2017,174,6/23/2017,22.2,12.8,17.5,12.8,17.5,1293.3,6.096,509.778
Rosemount,2017,175,6/24/2017,21.7,12.2,16.9,12.2,16.9,1310.3,0,509.778
Rosemount,2017,176,6/25/2017,18.3,10.6,14.4,10.6,14.4,1324.7,0,509.778
Rosemount,2017,177,6/26/2017,20.6,10.0,15.3,10.0,15.3,1340.0,0,509.778
Rosemount,2017,178,6/27/2017,21.1,8.9,15.0,8.9,15.0,1355.0,0,509.778
Rosemount,2017,179,6/28/2017,25.0,8.3,16.7,8.3,16.7,1371.7,22.352,532.13
Rosemount,2017,180,6/29/2017,28.3,15.0,21.7,15.0,21.7,1393.3,2.794,534.924
Rosemount,2017,181,6/30/2017,23.9,16.7,20.3,16.7,20.3,1413.6,0,534.924
Rosemount,2017,182,7/1/2017,26.7,15.6,21.1,15.6,21.1,1434.7,0,534.924
Rosemount,2017,183,7/2/2017,23.9,15.0,19.4,15.0,19.4,1454.2,0,534.924
Rosemount,2017,184,7/3/2017,26.1,14.4,20.3,14.4,20.3,1474.4,1.778,536.702
Rosemount,2017,185,7/4/2017,27.8,13.3,20.6,13.3,20.6,1495.0,0,536.702
Rosemount,2017,186,7/5/2017,30.0,16.7,23.3,16.7,23.3,1518.3,0,536.702
Rosemount,2017,187,7/6/2017,32.8,19.4,26.1,19.4,26.1,1544.4,0,536.702
Rosemount,2017,188,7/7/2017,33.9,20.6,27.2,20.6,27.2,1571.7,0,536.702
Rosemount,2017,189,7/8/2017,28.3,13.9,21.1,13.9,21.1,1592.8,0,536.702
Rosemount,2017,190,7/9/2017,27.8,12.2,20.0,12.2,20.0,1612.8,0,536.702
Rosemount,2017,191,7/10/2017,29.4,13.3,21.4,13.3,21.4,1634.2,6.604,543.306
Rosemount,2017,192,7/11/2017,29.4,17.8,23.6,17.8,23.6,1657.8,0,543.306
Rosemount,2017,193,7/12/2017,30.0,15.6,22.8,15.6,22.8,1680.6,0,543.306
Rosemount,2017,194,7/13/2017,31.1,15.0,23.1,15.0,23.1,1703.6,0,543.306
Rosemount,2017,195,7/14/2017,20.0,13.3,16.7,13.3,16.7,1720.3,0,543.306
Rosemount,2017,196,7/15/2017,23.9,13.3,18.6,13.3,18.6,1738.9,0,543.306
Rosemount,2017,197,7/16/2017,33.9,18.3,26.1,18.3,26.1,1765.0,0,543.306
Rosemount,2017,198,7/17/2017,29.4,16.7,23.1,16.7,23.1,1788.1,0,543.306
Rosemount,2017,199,7/18/2017,32.2,20.0,26.1,20.0,26.1,1814.2,6.35,549.656
Rosemount,2017,200,7/19/2017,27.8,13.3,20.6,13.3,20.6,1834.7,1.27,550.926
Rosemount,2017,201,7/20/2017,27.2,18.3,22.8,18.3,22.8,1857.5,82.55,633.476
Rosemount,2017,202,7/21/2017,30.0,18.3,24.2,18.3,24.2,1881.7,0,633.476
Rosemount,2017,203,7/22/2017,27.8,19.4,23.6,19.4,23.6,1905.3,0,633.476
Rosemount,2017,204,7/23/2017,31.1,18.9,25.0,18.9,25.0,1930.3,0,633.476
Rosemount,2017,205,7/24/2017,25.0,13.9,19.4,13.9,19.4,1949.7,0,633.476
Rosemount,2017,206,7/25/2017,26.1,16.7,21.4,16.7,21.4,1971.1,1.27,634.746
Rosemount,2017,207,7/26/2017,28.9,17.8,23.3,17.8,23.3,1994.4,38.862,673.608
Rosemount,2017,208,7/27/2017,27.8,17.2,22.5,17.2,22.5,2016.9,0,673.608
Rosemount,2017,209,7/28/2017,28.9,16.7,22.8,16.7,22.8,2039.7,0,673.608
Rosemount,2017,210,7/29/2017,28.3,13.3,20.8,13.3,20.8,2060.6,0,673.608
Rosemount,2017,211,7/30/2017,28.3,14.4,21.4,14.4,21.4,2081.9,0,673.608
Rosemount,2017,212,7/31/2017,28.9,16.7,22.8,16.7,22.8,2104.7,0,673.608
Rosemount,2017,213,8/1/2017,29.4,15.6,22.5,15.6,22.5,2127.2,0,673.608
Rosemount,2017,214,8/2/2017,30.0,17.8,23.9,17.8,23.9,2151.1,0,673.608
Rosemount,2017,215,8/3/2017,27.8,17.2,22.5,17.2,22.5,2173.6,12.192,685.8
Rosemount,2017,216,8/4/2017,18.3,11.1,14.7,11.1,14.7,2188.3,1.27,687.07
Rosemount,2017,217,8/5/2017,24.4,10.6,17.5,10.6,17.5,2205.8,0,687.07
Rosemount,2017,218,8/6/2017,24.4,13.3,18.9,13.3,18.9,2224.7,2.794,689.864
Rosemount,2017,219,8/7/2017,23.9,10.6,17.2,10.6,17.2,2241.9,2.794,692.658
Rosemount,2017,220,8/8/2017,26.1,12.8,19.4,12.8,19.4,2261.4,0,692.658
Rosemount,2017,221,8/9/2017,26.7,13.3,20.0,13.3,20.0,2281.4,0,692.658
Rosemount,2017,222,8/10/2017,19.4,13.9,16.7,13.9,16.7,2298.1,13.716,706.374
Rosemount,2017,223,8/11/2017,23.3,13.3,18.3,13.3,18.3,2316.4,0,706.374
Rosemount,2017,224,8/12/2017,25.6,10.0,17.8,10.0,17.8,2334.2,0,706.374
Rosemount,2017,225,8/13/2017,25.6,11.7,18.6,11.7,18.6,2352.8,0,706.374
Rosemount,2017,226,8/14/2017,22.2,15.0,18.6,15.0,18.6,2371.4,21.082,727.456
Rosemount,2017,227,8/15/2017,23.3,12.8,18.1,12.8,18.1,2389.4,0,727.456
Rosemount,2017,228,8/16/2017,23.9,13.9,18.9,13.9,18.9,2408.3,14.224,741.68
Rosemount,2017,229,8/17/2017,25.0,17.8,21.4,17.8,21.4,2429.7,23.622,765.302
Rosemount,2017,230,8/18/2017,23.3,13.3,18.3,13.3,18.3,2448.1,1.27,766.572
Rosemount,2017,231,8/19/2017,22.8,11.1,16.9,11.1,16.9,2465.0,0,766.572
Rosemount,2017,232,8/20/2017,26.7,14.4,20.6,14.4,20.6,2485.6,0,766.572
Rosemount,2017,233,8/21/2017,28.3,17.8,23.1,17.8,23.1,2508.6,5.08,771.652
Rosemount,2017,234,8/22/2017,25.6,15.0,20.3,15.0,20.3,2528.9,6.858,778.51
Rosemount,2017,235,8/23/2017,22.8,11.1,16.9,11.1,16.9,2545.8,0,778.51
Rosemount,2017,236,8/24/2017,23.3,13.3,18.3,13.3,18.3,2564.2,0.508,779.018
Rosemount,2017,237,8/25/2017,21.7,12.8,17.2,12.8,17.2,2581.4,6.35,785.368
Rosemount,2017,238,8/26/2017,21.7,12.8,17.2,12.8,17.2,2598.6,0,785.368
Rosemount,2017,239,8/27/2017,20.0,15.0,17.5,15.0,17.5,2616.1,4.318,789.686
Rosemount,2017,240,8/28/2017,22.8,15.6,19.2,15.6,19.2,2635.3,19.558,809.244
Rosemount,2017,241,8/29/2017,22.2,11.7,16.9,11.7,16.9,2652.2,0,809.244
Rosemount,2017,242,8/30/2017,25.6,13.3,19.4,13.3,19.4,2671.7,0,809.244
Rosemount,2017,243,8/31/2017,27.2,12.2,19.7,12.2,19.7,2691.4,0.254,809.498
Rosemount,2017,244,9/1/2017,21.1,8.9,15.0,8.9,15.0,2706.4,0,809.498
Rosemount,2017,245,9/2/2017,22.2,10.0,16.1,10.0,16.1,2722.5,0,809.498
Rosemount,2017,246,9/3/2017,26.1,11.1,18.6,11.1,18.6,2741.1,0,809.498
Rosemount,2017,247,9/4/2017,27.8,15.0,21.4,15.0,21.4,2762.5,0,809.498
Rosemount,2017,248,9/5/2017,23.3,8.9,16.1,8.9,16.1,2778.6,3.302,812.8
Rosemount,2017,249,9/6/2017,17.2,7.2,12.2,7.2,12.2,2790.8,0.508,813.308
Rosemount,2017,250,9/7/2017,18.9,6.1,12.5,6.1,12.5,2803.3,0,813.308
Rosemount,2017,251,9/8/2017,23.3,8.9,16.1,8.9,16.1,2819.4,0,813.308
Rosemount,2017,252,9/9/2017,20.0,9.4,14.7,9.4,14.7,2834.2,0,813.308
Rosemount,2017,253,9/10/2017,24.4,11.1,17.8,11.1,17.8,2851.9,0,813.308
Rosemount,2017,254,9/11/2017,26.7,12.8,19.7,12.8,19.7,2871.7,0,813.308
Rosemount,2017,255,9/12/2017,27.2,12.2,19.7,12.2,19.7,2891.4,0,813.308
Rosemount,2017,256,9/13/2017,29.4,14.4,21.9,14.4,21.9,2913.3,0,813.308
Rosemount,2017,257,9/14/2017,30.0,16.1,23.1,16.1,23.1,2936.4,0,813.308
Rosemount,2017,258,9/15/2017,32.2,17.2,24.7,17.2,24.7,2961.1,0,813.308
Rosemount,2017,259,9/16/2017,28.9,18.3,23.6,18.3,23.6,2984.7,0,813.308
Rosemount,2017,260,9/17/2017,24.4,10.0,17.2,10.0,17.2,3001.9,6.096,819.404
Rosemount,2017,261,9/18/2017,18.9,8.3,13.6,8.3,13.6,3015.6,0,819.404
Rosemount,2017,262,9/19/2017,13.9,11.7,12.8,11.7,12.8,3028.3,14.478,833.882
Rosemount,2017,263,9/20/2017,26.7,13.9,20.3,13.9,20.3,3048.6,8.89,842.772
Rosemount,2017,264,9/21/2017,23.3,7.8,15.6,7.8,15.6,3064.2,0,842.772
Rosemount,2017,265,9/22/2017,28.9,11.1,20.0,11.1,20.0,3084.2,0,842.772
Rosemount,2017,266,9/23/2017,33.9,20.6,27.2,20.6,27.2,3111.4,0,842.772
Rosemount,2017,267,9/24/2017,31.7,18.9,25.3,18.9,25.3,3136.7,0,842.772
Rosemount,2017,268,9/25/2017,32.2,15.6,23.9,15.6,23.9,3160.6,8.89,851.662
Rosemount,2017,269,9/26/2017,17.2,13.9,15.6,13.9,15.6,3176.1,6.35,858.012
Rosemount,2017,270,9/27/2017,17.8,7.8,12.8,7.8,12.8,3188.9,0,858.012
Rosemount,2017,271,9/28/2017,17.8,7.2,12.5,7.2,12.5,3201.4,0,858.012
Rosemount,2017,272,9/29/2017,22.8,7.2,15.0,7.2,15.0,3216.4,0,858.012
Rosemount,2017,273,9/30/2017,17.8,5.0,11.4,5.0,11.4,3227.8,0,858.012
Rosemount,2017,274,10/1/2017,20.6,5.6,13.1,5.6,13.1,3240.8,2.794,860.806
Rosemount,2017,275,10/2/2017,16.7,11.1,13.9,11.1,13.9,3254.7,11.938,872.744
Rosemount,2017,276,10/3/2017,21.1,12.2,16.7,12.2,16.7,3271.4,27.94,900.684
Rosemount,2017,277,10/4/2017,21.1,6.7,13.9,6.7,13.9,3285.3,0,900.684
Rosemount,2017,278,10/5/2017,15.0,4.4,9.7,4.4,9.7,3295.0,0,900.684
Rosemount,2017,279,10/6/2017,17.8,6.1,11.9,6.1,11.9,3306.9,0,900.684
Rosemount,2017,280,10/7/2017,14.4,8.3,11.4,8.3,11.4,3318.3,0,900.684
Rosemount,2017,281,10/8/2017,18.3,7.8,13.1,7.8,13.1,3331.4,4.826,905.51
Rosemount,2017,282,10/9/2017,22.8,7.2,15.0,7.2,15.0,3346.4,25.908,931.418
Rosemount,2017,283,10/10/2017,13.3,-0.6,6.4,0.0,6.7,3353.1,1.27,932.688
Rosemount,2017,284,10/11/2017,11.1,0.0,5.6,0.0,5.6,3358.6,0,932.688
Rosemount,2017,285,10/12/2017,13.3,3.3,8.3,3.3,8.3,3366.9,0,932.688
Rosemount,2017,286,10/13/2017,17.8,7.2,12.5,7.2,12.5,3379.4,0,932.688
Rosemount,2017,287,10/14/2017,15.6,3.9,9.7,3.9,9.7,3389.2,0,932.688
Rosemount,2017,288,10/15/2017,13.3,4.4,8.9,4.4,8.9,3398.1,22.86,955.548
Rosemount,2017,289,10/16/2017,11.1,0.0,5.6,0.0,5.6,3403.6,14.224,969.772
Rosemount,2017,290,10/17/2017,18.9,0.6,9.7,0.6,9.7,3413.3,0,969.772
Rosemount,2017,291,10/18/2017,23.3,5.0,14.2,5.0,14.2,3427.5,0,969.772
Rosemount,2017,292,10/19/2017,22.2,2.2,12.2,2.2,12.2,3439.7,0,969.772
Rosemount,2017,293,10/20/2017,22.8,3.3,13.1,3.3,13.1,3452.8,0,969.772
Rosemount,2017,294,10/21/2017,25.0,12.2,18.6,12.2,18.6,3471.4,0,969.772
Rosemount,2017,295,10/22/2017,20.0,7.8,13.9,7.8,13.9,3485.3,13.208,982.98
Rosemount,2017,296,10/23/2017,17.2,6.1,11.7,6.1,11.7,3496.9,10.414,993.394
Rosemount,2017,297,10/24/2017,15.6,3.9,9.7,3.9,9.7,3506.7,0,993.394
Rosemount,2017,298,10/25/2017,10.0,-0.6,4.7,0.0,5.0,3511.7,0,993.394
Rosemount,2017,299,10/26/2017,13.3,-0.6,6.4,0.0,6.7,3518.3,0,993.394
Rosemount,2017,300,10/27/2017,12.8,0.0,6.4,0.0,6.4,3524.7,2.54,995.934
Rosemount,2017,301,10/28/2017,0.6,-1.7,-0.6,0.0,0.3,3525.0,0,995.934
Rosemount,2017,302,10/29/2017,0.6,-3.3,-1.4,0.0,0.3,3525.3,0,995.934
Rosemount,2017,303,10/30/2017,5.6,-1.1,2.2,0.0,2.8,3528.1,4.318,1000.252
Rosemount,2017,304,10/31/2017,3.3,-2.8,0.3,0.0,1.7,3529.7,0,1000.252
Rosemount,2017,305,11/1/2017,1.7,-5.0,-1.7,0.0,0.8,3530.6,0,1000.252
Rosemount,2017,306,11/2/2017,1.7,-1.7,0.0,0.0,0.8,3531.4,1.778,1002.03
Rosemount,2017,307,11/3/2017,3.9,-4.4,-0.3,0.0,1.9,3533.3,0,1002.03
Rosemount,2017,308,11/4/2017,1.7,-3.3,-0.8,0.0,0.8,3534.2,0,1002.03
Rosemount,2017,309,11/5/2017,5.6,1.7,3.6,1.7,3.6,3537.8,0.762,1002.792
Rosemount,2017,310,11/6/2017,1.7,-8.3,-3.3,0.0,0.8,3538.6,0,1002.792
Rosemount,2017,311,11/7/2017,-0.6,-7.8,-4.2,0.0,0.0,3538.6,0,1002.792
Rosemount,2017,312,11/8/2017,1.7,-6.1,-2.2,0.0,0.8,3539.4,0,1002.792
Rosemount,2017,313,11/9/2017,5.6,-7.8,-1.1,0.0,2.8,3542.2,0,1002.792
Rosemount,2017,314,11/10/2017,-5.6,-12.8,-9.2,0.0,0.0,3542.2,0,1002.792
Rosemount,2017,315,11/11/2017,-1.1,-11.7,-6.4,0.0,0.0,3542.2,0.254,1003.046
Rosemount,2017,316,11/12/2017,6.1,-5.0,0.6,0.0,3.1,3545.3,0,1003.046
Rosemount,2017,317,11/13/2017,1.7,-5.6,-1.9,0.0,0.8,3546.1,0,1003.046
Rosemount,2017,318,11/14/2017,7.8,-4.4,1.7,0.0,3.9,3550.0,0,1003.046
Rosemount,2017,319,11/15/2017,7.2,2.8,5.0,2.8,5.0,3555.0,0,1003.046
Rosemount,2017,320,11/16/2017,2.8,-3.3,-0.3,0.0,1.4,3556.4,0,1003.046
Rosemount,2017,321,11/17/2017,2.2,-2.8,-0.3,0.0,1.1,3557.5,0,1003.046
Rosemount,2017,322,11/18/2017,2.2,-0.6,0.8,0.0,1.1,3558.6,1.778,1004.824
Rosemount,2017,323,11/19/2017,2.2,-11.1,-4.4,0.0,1.1,3559.7,0,1004.824
Rosemount,2017,324,11/20/2017,4.4,-9.4,-2.5,0.0,2.2,3561.9,0,1004.824
Rosemount,2017,325,11/21/2017,7.2,-3.9,1.7,0.0,3.6,3565.6,0,1004.824
Rosemount,2017,326,11/22/2017,-2.2,-12.8,-7.5,0.0,0.0,3565.6,0,1004.824
Rosemount,2017,327,11/23/2017,-0.6,-11.7,-6.1,0.0,0.0,3565.6,0,1004.824
Rosemount,2017,328,11/24/2017,7.2,-7.2,0.0,0.0,3.6,3569.2,0,1004.824
Rosemount,2017,329,11/25/2017,15.6,-1.1,7.2,0.0,7.8,3576.9,0,1004.824
Rosemount,2017,330,11/26/2017,4.4,-7.2,-1.4,0.0,2.2,3579.2,0,1004.824
Rosemount,2017,331,11/27/2017,9.4,-3.3,3.1,0.0,4.7,3583.9,0,1004.824
Rosemount,2017,332,11/28/2017,15.0,1.1,8.1,1.1,8.1,3591.9,0,1004.824
Rosemount,2017,333,11/29/2017,11.1,-7.2,1.9,0.0,5.6,3597.5,0,1004.824
Rosemount,2017,334,11/30/2017,7.8,-5.6,1.1,0.0,3.9,3601.4,0,1004.824
Rosemount,2017,335,12/1/2017,7.8,-5.0,1.4,0.0,3.9,3605.3,0,1004.824
Rosemount,2017,336,12/2/2017,11.1,-5.6,2.8,0.0,5.6,3610.8,0,1004.824
Rosemount,2017,337,12/3/2017,8.9,-5.0,1.9,0.0,4.4,3615.3,0,1004.824
Rosemount,2017,338,12/4/2017,11.1,-0.6,5.3,0.0,5.6,3620.8,0,1004.824
Rosemount,2017,339,12/5/2017,15.0,-10.0,2.5,0.0,7.5,3628.3,5.588,1010.412
Rosemount,2017,340,12/6/2017,-6.7,-10.0,-8.3,0.0,0.0,3628.3,0,1010.412
Rosemount,2017,341,12/7/2017,-7.2,-15.6,-11.4,0.0,0.0,3628.3,0,1010.412
Rosemount,2017,342,12/8/2017,-6.1,-15.0,-10.6,0.0,0.0,3628.3,0,1010.412
Rosemount,2017,343,12/9/2017,-1.1,-7.8,-4.4,0.0,0.0,3628.3,0,1010.412
Rosemount,2017,344,12/10/2017,-4.4,-8.9,-6.7,0.0,0.0,3628.3,0,1010.412
Rosemount,2017,345,12/11/2017,-1.7,-8.3,-5.0,0.0,0.0,3628.3,2.032,1012.444
Rosemount,2017,346,12/12/2017,1.1,-15.0,-6.9,0.0,0.6,3628.9,0,1012.444
Rosemount,2017,347,12/13/2017,-1.7,-15.0,-8.3,0.0,0.0,3628.9,0,1012.444
Rosemount,2017,348,12/14/2017,-2.8,-14.4,-8.6,0.0,0.0,3628.9,0,1012.444
Rosemount,2017,349,12/15/2017,-5.6,-14.4,-10.0,0.0,0.0,3628.9,0,1012.444
Rosemount,2017,350,12/16/2017,-2.2,-7.8,-5.0,0.0,0.0,3628.9,0,1012.444
Rosemount,2017,351,12/17/2017,-2.2,-8.9,-5.6,0.0,0.0,3628.9,0,1012.444
Rosemount,2017,352,12/18/2017,-3.3,-6.1,-4.7,0.0,0.0,3628.9,0.762,1013.206
Rosemount,2017,353,12/19/2017,3.9,-4.4,-0.3,0.0,1.9,3630.8,0,1013.206
Rosemount,2017,354,12/20/2017,1.1,-8.3,-3.6,0.0,0.6,3631.4,0,1013.206
Rosemount,2017,355,12/21/2017,-7.2,-8.9,-8.1,0.0,0.0,3631.4,0,1013.206
Rosemount,2017,356,12/22/2017,-5.0,-8.3,-6.7,0.0,0.0,3631.4,0,1013.206
Rosemount,2017,357,12/23/2017,-3.9,-14.4,-9.2,0.0,0.0,3631.4,0,1013.206
Rosemount,2017,358,12/24/2017,-5.6,-14.4,-10.0,0.0,0.0,3631.4,0,1013.206
Rosemount,2017,359,12/25/2017,-5.6,-18.3,-11.9,0.0,0.0,3631.4,0,1013.206
Rosemount,2017,360,12/26/2017,-17.8,-23.3,-20.6,0.0,0.0,3631.4,0,1013.206
Rosemount,2017,361,12/27/2017,-17.8,-25.6,-21.7,0.0,0.0,3631.4,0,1013.206
Rosemount,2017,362,12/28/2017,-13.9,-25.0,-19.4,0.0,0.0,3631.4,0.254,1013.46
Rosemount,2017,363,12/29/2017,-12.2,-19.4,-15.8,0.0,0.0,3631.4,2.54,1016
Rosemount,2017,364,12/30/2017,-17.2,-26.1,-21.7,0.0,0.0,3631.4,1.27,1017.27
Rosemount,2017,365,12/31/2017,-21.7,-26.1,-23.9,0.0,0.0,3631.4,0,1017.27
Rosemount,2018,1,1/1/2018,-21.1,-27.2,-24.2,0.0,0.0,0.0,0,0
Rosemount,2018,2,1/2/2018,-18.9,-27.2,-23.1,0.0,0.0,0.0,1.524,1.524
Rosemount,2018,3,1/3/2018,-10.6,-25.0,-17.8,0.0,0.0,0.0,0,1.524
Rosemount,2018,4,1/4/2018,-14.4,-21.7,-18.1,0.0,0.0,0.0,0,1.524
Rosemount,2018,5,1/5/2018,-17.2,-25.6,-21.4,0.0,0.0,0.0,0,1.524
Rosemount,2018,6,1/6/2018,-16.1,-27.8,-21.9,0.0,0.0,0.0,0,1.524
Rosemount,2018,7,1/7/2018,-10.6,-26.7,-18.6,0.0,0.0,0.0,0,1.524
Rosemount,2018,8,1/8/2018,-0.6,-10.6,-5.6,0.0,0.0,0.0,0,1.524
Rosemount,2018,9,1/9/2018,2.2,-6.1,-1.9,0.0,1.1,0.0,0,1.524
Rosemount,2018,10,1/10/2018,5.0,-1.7,1.7,0.0,2.5,0.0,0,1.524
Rosemount,2018,11,1/11/2018,2.2,-11.1,-4.4,0.0,1.1,0.0,0,1.524
Rosemount,2018,12,1/12/2018,-11.1,-23.9,-17.5,0.0,0,0.0,3.81,5.334
Rosemount,2018,13,1/13/2018,-16.1,-25.6,-20.8,0.0,0,0.0,0,5.334
Rosemount,2018,14,1/14/2018,-15.6,-26.1,-20.8,0.0,0,0.0,0,5.334
Rosemount,2018,15,1/15/2018,-9.4,-17.8,-13.6,0.0,0,0.0,2.794,8.128
Rosemount,2018,16,1/16/2018,-15.0,-19.4,-17.2,0.0,0,0.0,2.54,10.668
Rosemount,2018,17,1/17/2018,-15.0,-22.2,-18.6,0.0,0,0.0,0,10.668
Rosemount,2018,18,1/18/2018,-3.9,-17.8,-10.8,0.0,0,0.0,0,10.668
Rosemount,2018,19,1/19/2018,2.8,-8.3,-2.8,0.0,1.4,0.0,0,10.668
Rosemount,2018,20,1/20/2018,4.4,-6.1,-0.8,0.0,2.2,0.0,0,10.668
Rosemount,2018,21,1/21/2018,1.1,-3.9,-1.4,0.0,0.6,0.0,0,10.668
Rosemount,2018,22,1/22/2018,5.0,-1.1,1.9,0.0,2.5,0.0,0,10.668
Rosemount,2018,23,1/23/2018,-1.1,-8.3,-4.7,0.0,0,0.0,14.732,25.4
Rosemount,2018,24,1/24/2018,-3.3,-16.7,-10.0,0.0,0,0.0,0,25.4
Rosemount,2018,25,1/25/2018,-3.9,-10.6,-7.2,0.0,0,0.0,0,25.4
Rosemount,2018,26,1/26/2018,2.8,-5.0,-1.1,0.0,1.4,0.0,0,25.4
Rosemount,2018,27,1/27/2018,6.1,-8.9,-1.4,0.0,3.1,0.0,0,25.4
Rosemount,2018,28,1/28/2018,-1.1,-9.4,-5.3,0.0,0,0.0,0,25.4
Rosemount,2018,29,1/29/2018,-6.7,-16.7,-11.7,0.0,0,0.0,0,25.4
Rosemount,2018,30,1/30/2018,-9.4,-21.1,-15.3,0.0,0,0.0,0,25.4
Rosemount,2018,31,1/31/2018,-1.1,-20.0,-10.6,0.0,0,0.0,2.286,27.686
Rosemount,2018,32,2/1/2018,-3.9,-21.1,-12.5,0.0,0,0.0,0,27.686
Rosemount,2018,33,2/2/2018,-15.0,-26.7,-20.8,0.0,0,0.0,0,27.686
Rosemount,2018,34,2/3/2018,-10.6,-25.6,-18.1,0.0,0,0.0,0,27.686
Rosemount,2018,35,2/4/2018,-6.1,-21.1,-13.6,0.0,0,0.0,2.286,29.972
Rosemount,2018,36,2/5/2018,-17.2,-25.6,-21.4,0.0,0,0.0,1.778,31.75
Rosemount,2018,37,2/6/2018,-11.7,-27.2,-19.4,0.0,0,0.0,0,31.75
Rosemount,2018,38,2/7/2018,-13.9,-25.0,-19.4,0.0,0,0.0,0.762,32.512
Rosemount,2018,39,2/8/2018,-10.6,-22.2,-16.4,0.0,0,0.0,0,32.512
Rosemount,2018,40,2/9/2018,-8.9,-20.0,-14.4,0.0,0,0.0,0.508,33.02
Rosemount,2018,41,2/10/2018,-11.7,-23.3,-17.5,0.0,0,0.0,0,33.02
Rosemount,2018,42,2/11/2018,-12.2,-24.4,-18.3,0.0,0,0.0,0,33.02
Rosemount,2018,43,2/12/2018,-7.8,-22.2,-15.0,0.0,0,0.0,0,33.02
Rosemount,2018,44,2/13/2018,-11.1,-18.9,-15.0,0.0,0,0.0,0,33.02
Rosemount,2018,45,2/14/2018,-2.8,-12.2,-7.5,0.0,0,0.0,0,33.02
Rosemount,2018,46,2/15/2018,3.9,-9.4,-2.8,0.0,1.9,0.0,0,33.02
Rosemount,2018,47,2/16/2018,3.9,-20.6,-8.3,0.0,1.9,0.0,0,33.02
Rosemount,2018,48,2/17/2018,-5.0,-20.0,-12.5,0.0,0,0.0,0,33.02
Rosemount,2018,49,2/18/2018,1.7,-12.2,-5.3,0.0,0.8,0.0,0,33.02
Rosemount,2018,50,2/19/2018,5.0,-6.7,-0.8,0.0,2.5,0.0,0,33.02
Rosemount,2018,51,2/20/2018,-5.0,-7.8,-6.4,0.0,0,0.0,5.08,38.1
Rosemount,2018,52,2/21/2018,-7.2,-20.0,-13.6,0.0,0,0.0,0,38.1
Rosemount,2018,53,2/22/2018,-8.3,-20.0,-14.2,0.0,0,0.0,0,38.1
Rosemount,2018,54,2/23/2018,-2.2,-12.2,-7.2,0.0,0,0.0,10.414,48.514
Rosemount,2018,55,2/24/2018,-2.2,-21.1,-11.7,0.0,0,0.0,0,48.514
Rosemount,2018,56,2/25/2018,-2.8,-13.9,-8.3,0.0,0,0.0,9.652,58.166
Rosemount,2018,57,2/26/2018,-2.2,-12.8,-7.5,0.0,0,0.0,0,58.166
Rosemount,2018,58,2/27/2018,3.9,-12.2,-4.2,0.0,1.9,0.0,0,58.166
Rosemount,2018,59,2/28/2018,8.3,-10.6,-1.1,0.0,4.2,0.0,0,58.166
Rosemount,2018,60,3/1/2018,6.1,-6.7,-0.3,0.0,3.1,0.0,0,58.166
Rosemount,2018,61,3/2/2018,5.0,-13.9,-4.4,0.0,2.5,0.0,0,58.166
Rosemount,2018,62,3/3/2018,4.4,-11.7,-3.6,0.0,2.2,0.0,0,58.166
Rosemount,2018,63,3/4/2018,5.6,0.6,3.1,0.6,3.1,0.0,0,58.166
Rosemount,2018,64,3/5/2018,6.1,0.6,3.3,0.6,3.3,0.0,0,58.166
Rosemount,2018,65,3/6/2018,1.7,-3.3,-0.8,0.0,0.8,0.0,16.51,74.676
Rosemount,2018,66,3/7/2018,0.0,-15.6,-7.8,0.0,0.0,0.0,0,74.676
Rosemount,2018,67,3/8/2018,-2.2,-14.4,-8.3,0.0,0,0.0,0,74.676
Rosemount,2018,68,3/9/2018,-3.3,-15.0,-9.2,0.0,0,0.0,0,74.676
Rosemount,2018,69,3/10/2018,0.0,-13.3,-6.7,0.0,0.0,0.0,0,74.676
Rosemount,2018,70,3/11/2018,0.6,-7.2,-3.3,0.0,0.3,0.0,0,74.676
Rosemount,2018,71,3/12/2018,1.1,-6.7,-2.8,0.0,0.6,0.0,0,74.676
Rosemount,2018,72,3/13/2018,3.9,-7.8,-1.9,0.0,1.9,0.0,0,74.676
Rosemount,2018,73,3/14/2018,2.2,-9.4,-3.6,0.0,1.1,0.0,0,74.676
Rosemount,2018,74,3/15/2018,7.8,-8.3,-0.3,0.0,3.9,0.0,0,74.676
Rosemount,2018,75,3/16/2018,3.9,-7.2,-1.7,0.0,1.9,0.0,0,74.676
Rosemount,2018,76,3/17/2018,3.9,-6.7,-1.4,0.0,1.9,0.0,0,74.676
Rosemount,2018,77,3/18/2018,6.7,-6.1,0.3,0.0,3.3,0.0,0,74.676
Rosemount,2018,78,3/19/2018,5.6,-4.4,0.6,0.0,2.8,0.0,0,74.676
Rosemount,2018,79,3/20/2018,4.4,-2.8,0.8,0.0,2.2,0.0,0,74.676
Rosemount,2018,80,3/21/2018,-0.6,-7.2,-3.9,0.0,0,0.0,1.778,76.454
Rosemount,2018,81,3/22/2018,3.3,-5.0,-0.8,0.0,1.7,0.0,0,76.454
Rosemount,2018,82,3/23/2018,6.1,-3.9,1.1,0.0,3.1,0.0,0,76.454
Rosemount,2018,83,3/24/2018,4.4,-2.8,0.8,0.0,2.2,0.0,0,76.454
Rosemount,2018,84,3/25/2018,3.9,-2.8,0.6,0.0,1.9,0.0,0,76.454
Rosemount,2018,85,3/26/2018,5.0,-2.8,1.1,0.0,2.5,0.0,1.524,77.978
Rosemount,2018,86,3/27/2018,2.2,-0.6,0.8,0.0,1.1,1.1,3.302,81.28
Rosemount,2018,87,3/28/2018,7.2,-1.7,2.8,0.0,3.6,3.6,0,81.28
Rosemount,2018,88,3/29/2018,10.0,-5.6,2.2,0.0,5.0,5.0,0,81.28
Rosemount,2018,89,3/30/2018,3.9,-5.6,-0.8,0.0,1.9,0.0,0,81.28
Rosemount,2018,90,3/31/2018,4.4,-3.9,0.3,0.0,2.2,0.0,1.524,82.804
Rosemount,2018,91,4/1/2018,-2.8,-11.7,-7.2,0.0,0,0.0,0,82.804
Rosemount,2018,92,4/2/2018,-1.1,-11.1,-6.1,0.0,0,0.0,0,82.804
Rosemount,2018,93,4/3/2018,0.0,-4.4,-2.2,0.0,0.0,0.0,8.382,91.186
Rosemount,2018,94,4/4/2018,-1.1,-13.9,-7.5,0.0,0,0.0,5.842,97.028
Rosemount,2018,95,4/5/2018,-3.3,-15.6,-9.4,0.0,0,0.0,0,97.028
Rosemount,2018,96,4/6/2018,3.3,-13.9,-5.3,0.0,1.7,0.0,0,97.028
Rosemount,2018,97,4/7/2018,-6.1,-12.2,-9.2,0.0,0,0.0,0,97.028
Rosemount,2018,98,4/8/2018,-1.1,-12.2,-6.7,0.0,0,0.0,0,97.028
Rosemount,2018,99,4/9/2018,-0.6,-8.9,-4.7,0.0,0,0.0,3.048,100.076
Rosemount,2018,100,4/10/2018,2.8,-6.7,-1.9,0.0,1.4,0.0,0,100.076
Rosemount,2018,101,4/11/2018,3.3,-2.2,0.6,0.0,1.7,0.0,0,100.076
Rosemount,2018,102,4/12/2018,7.8,-1.1,3.3,0.0,3.9,0.0,0,100.076
Rosemount,2018,103,4/13/2018,10.0,1.1,5.6,1.1,5.6,0.0,0,100.076
Rosemount,2018,104,4/14/2018,3.9,-3.9,0.0,0.0,1.9,0.0,0,100.076
Rosemount,2018,105,4/15/2018,-2.8,-6.1,-4.4,0.0,0,0.0,17.018,117.094
Rosemount,2018,106,4/16/2018,-2.2,-6.1,-4.2,0.0,0,0.0,33.02,150.114
Rosemount,2018,107,4/17/2018,1.7,-6.7,-2.5,0.0,0.8,0.0,0,150.114
Rosemount,2018,108,4/18/2018,5.0,-3.3,0.8,0.0,2.5,0.0,0,150.114
Rosemount,2018,109,4/19/2018,3.9,-3.9,0.0,0.0,1.9,0.0,0,150.114
Rosemount,2018,110,4/20/2018,10.6,-3.9,3.3,0.0,5.3,0.0,0,150.114
Rosemount,2018,111,4/21/2018,10.0,-1.7,4.2,0.0,5.0,0.0,0,150.114
Rosemount,2018,112,4/22/2018,14.4,-1.7,6.4,0.0,7.2,0.0,0,150.114
Rosemount,2018,113,4/23/2018,17.2,1.1,9.2,1.1,9.2,0.0,0,150.114
Rosemount,2018,114,4/24/2018,20.6,3.9,12.2,3.9,12.2,12.2,0,150.114
Rosemount,2018,115,4/25/2018,19.4,0.6,10.0,0.6,10.0,22.2,0,150.114
Rosemount,2018,116,4/26/2018,15.0,2.2,8.6,2.2,8.6,30.8,0,150.114
Rosemount,2018,117,4/27/2018,18.3,2.2,10.3,2.2,10.3,41.1,0,150.114
Rosemount,2018,118,4/28/2018,17.2,0.0,8.6,0.0,8.6,49.7,0,150.114
Rosemount,2018,119,4/29/2018,13.9,-1.1,6.4,0.0,6.9,56.7,0,150.114
Rosemount,2018,120,4/30/2018,20.0,3.3,11.7,3.3,11.7,68.3,0,150.114
Rosemount,2018,121,5/1/2018,28.3,11.1,19.7,11.1,19.7,88.1,0,150.114
Rosemount,2018,122,5/2/2018,22.8,9.4,16.1,9.4,16.1,104.2,13.716,163.83
Rosemount,2018,123,5/3/2018,18.9,9.4,14.2,9.4,14.2,118.3,0,163.83
Rosemount,2018,124,5/4/2018,23.3,8.9,16.1,8.9,16.1,134.4,0.762,164.592
Rosemount,2018,125,5/5/2018,25.0,10.0,17.5,10.0,17.5,151.9,0,164.592
Rosemount,2018,126,5/6/2018,28.3,10.0,19.2,10.0,19.2,171.1,0.508,165.1
Rosemount,2018,127,5/7/2018,23.9,10.0,16.9,10.0,16.9,188.1,2.54,167.64
Rosemount,2018,128,5/8/2018,30.0,16.7,23.3,16.7,23.3,211.4,0,167.64
Rosemount,2018,129,5/9/2018,21.1,12.2,16.7,12.2,16.7,228.1,22.098,189.738
Rosemount,2018,130,5/10/2018,17.2,6.7,11.9,6.7,11.9,240.0,1.27,191.008
Rosemount,2018,131,5/11/2018,14.4,7.2,10.8,7.2,10.8,250.8,0,191.008
Rosemount,2018,132,5/12/2018,9.4,5.6,7.5,5.6,7.5,258.3,0,191.008
Rosemount,2018,133,5/13/2018,15.0,5.0,10.0,5.0,10.0,268.3,2.032,193.04
Rosemount,2018,134,5/14/2018,20.6,8.9,14.7,8.9,14.7,283.1,0.508,193.548
Rosemount,2018,135,5/15/2018,23.3,11.1,17.2,11.1,17.2,300.3,5.588,199.136
Rosemount,2018,136,5/16/2018,25.0,10.6,17.8,10.6,17.8,318.1,0,199.136
Rosemount,2018,137,5/17/2018,30.6,13.3,21.9,13.3,21.9,340.0,0,199.136
Rosemount,2018,138,5/18/2018,30.0,12.2,21.1,12.2,21.1,361.1,0,199.136
Rosemount,2018,139,5/19/2018,28.3,13.3,20.8,13.3,20.8,381.9,0,199.136
Rosemount,2018,140,5/20/2018,16.7,6.1,11.4,6.1,11.4,393.3,0,199.136
Rosemount,2018,141,5/21/2018,21.7,6.7,14.2,6.7,14.2,407.5,2.032,201.168
Rosemount,2018,142,5/22/2018,20.6,11.7,16.1,11.7,16.1,423.6,0,201.168
Rosemount,2018,143,5/23/2018,23.9,14.4,19.2,14.4,19.2,442.8,0,201.168
Rosemount,2018,144,5/24/2018,28.9,17.8,23.3,17.8,23.3,466.1,0,201.168
Rosemount,2018,145,5/25/2018,33.3,17.8,25.6,17.8,25.6,491.7,19.304,220.472
Rosemount,2018,146,5/26/2018,31.1,17.2,24.2,17.2,24.2,515.8,0,220.472
Rosemount,2018,147,5/27/2018,34.4,16.7,25.6,16.7,25.6,541.4,0,220.472
Rosemount,2018,148,5/28/2018,33.3,21.1,27.2,21.1,27.2,568.6,0,220.472
Rosemount,2018,149,5/29/2018,37.8,20.6,29.2,20.6,29.2,597.8,0,220.472
Rosemount,2018,150,5/30/2018,35.0,18.3,26.7,18.3,26.7,624.4,38.1,258.572
Rosemount,2018,151,5/31/2018,23.9,15.6,19.7,15.6,19.7,644.2,2.794,261.366
Rosemount,2018,152,6/1/2018,28.9,17.2,23.1,17.2,23.1,667.2,0,261.366
Rosemount,2018,153,6/2/2018,26.1,16.1,21.1,16.1,21.1,688.3,0,261.366
Rosemount,2018,154,6/3/2018,20.6,12.2,16.4,12.2,16.4,704.7,0.762,262.128
Rosemount,2018,155,6/4/2018,20.6,9.4,15.0,9.4,15.0,719.7,2.54,264.668
Rosemount,2018,156,6/5/2018,30.6,15.0,22.8,15.0,22.8,742.5,0,264.668
Rosemount,2018,157,6/6/2018,26.1,16.1,21.1,16.1,21.1,763.6,2.54,267.208
Rosemount,2018,158,6/7/2018,26.1,15.0,20.6,15.0,20.6,784.2,0.762,267.97
Rosemount,2018,159,6/8/2018,25.6,16.1,20.8,16.1,20.8,805.0,2.032,270.002
Rosemount,2018,160,6/9/2018,21.7,16.7,19.2,16.7,19.2,824.2,0,270.002
Rosemount,2018,161,6/10/2018,21.7,17.2,19.4,17.2,19.4,843.6,11.43,281.432
Rosemount,2018,162,6/11/2018,23.3,15.0,19.2,15.0,19.2,862.8,11.938,293.37
Rosemount,2018,163,6/12/2018,21.7,17.2,19.4,17.2,19.4,882.2,1.524,294.894
Rosemount,2018,164,6/13/2018,26.1,11.7,18.9,11.7,18.9,901.1,0,294.894
Rosemount,2018,165,6/14/2018,26.1,16.1,21.1,16.1,21.1,922.2,0,294.894
Rosemount,2018,166,6/15/2018,27.2,18.9,23.1,18.9,23.1,945.3,0,294.894
Rosemount,2018,167,6/16/2018,34.4,21.1,27.8,21.1,27.8,973.1,0,294.894
Rosemount,2018,168,6/17/2018,32.2,20.6,26.4,20.6,26.4,999.4,20.32,315.214
Rosemount,2018,169,6/18/2018,33.3,19.4,26.4,19.4,26.4,1025.8,95.25,410.464
Rosemount,2018,170,6/19/2018,23.3,15.6,19.4,15.6,19.4,1045.3,11.684,422.148
Rosemount,2018,171,6/20/2018,18.3,15.0,16.7,15.0,16.7,1061.9,11.684,433.832
Rosemount,2018,172,6/21/2018,25.6,17.2,21.4,17.2,21.4,1083.3,0,433.832
Rosemount,2018,173,6/22/2018,24.4,15.6,20.0,15.6,20.0,1103.3,0,433.832
Rosemount,2018,174,6/23/2018,27.2,14.4,20.8,14.4,20.8,1124.2,0,433.832
Rosemount,2018,175,6/24/2018,27.2,16.1,21.7,16.1,21.7,1145.8,0,433.832
Rosemount,2018,176,6/25/2018,28.3,18.3,23.3,18.3,23.3,1169.2,0,433.832
Rosemount,2018,177,6/26/2018,27.2,16.7,21.9,16.7,21.9,1191.1,13.208,447.04
Rosemount,2018,178,6/27/2018,22.2,17.2,19.7,17.2,19.7,1210.8,1.27,448.31
Rosemount,2018,179,6/28/2018,26.7,16.7,21.7,16.7,21.7,1232.5,0,448.31
Rosemount,2018,180,6/29/2018,30.0,20.6,25.3,20.6,25.3,1257.8,0,448.31
Rosemount,2018,181,6/30/2018,35.6,25.0,30.3,25.0,30.3,1288.1,0,448.31
Rosemount,2018,182,7/1/2018,30.6,19.4,25.0,19.4,25.0,1313.1,0,448.31
Rosemount,2018,183,7/2/2018,23.9,15.6,19.7,15.6,19.7,1332.8,16.51,464.82
Rosemount,2018,184,7/3/2018,29.4,18.9,24.2,18.9,24.2,1356.9,0,464.82
Rosemount,2018,185,7/4/2018,30.6,18.9,24.7,18.9,24.7,1381.7,0,464.82
Rosemount,2018,186,7/5/2018,28.3,20.0,24.2,20.0,24.2,1405.8,22.86,487.68
Rosemount,2018,187,7/6/2018,27.2,13.9,20.6,13.9,20.6,1426.4,0,487.68
Rosemount,2018,188,7/7/2018,27.2,16.1,21.7,16.1,21.7,1448.1,0,487.68
Rosemount,2018,189,7/8/2018,28.3,17.2,22.8,17.2,22.8,1470.8,0,487.68
Rosemount,2018,190,7/9/2018,31.1,20.0,25.6,20.0,25.6,1496.4,1.27,488.95
Rosemount,2018,191,7/10/2018,31.7,16.1,23.9,16.1,23.9,1520.3,0,488.95
Rosemount,2018,192,7/11/2018,29.4,17.8,23.6,17.8,23.6,1543.9,0,488.95
Rosemount,2018,193,7/12/2018,32.8,20.6,26.7,20.6,26.7,1570.6,0,488.95
Rosemount,2018,194,7/13/2018,33.3,21.1,27.2,21.1,27.2,1597.8,52.578,541.528
Rosemount,2018,195,7/14/2018,26.1,17.2,21.7,17.2,21.7,1619.4,0,541.528
Rosemount,2018,196,7/15/2018,30.0,19.4,24.7,19.4,24.7,1644.2,0,541.528
Rosemount,2018,197,7/16/2018,30.0,15.6,22.8,15.6,22.8,1666.9,5.08,546.608
Rosemount,2018,198,7/17/2018,27.8,16.1,21.9,16.1,21.9,1688.9,0,546.608
Rosemount,2018,199,7/18/2018,26.7,13.3,20.0,13.3,20.0,1708.9,0,546.608
Rosemount,2018,200,7/19/2018,27.2,16.7,21.9,16.7,21.9,1730.8,0,546.608
Rosemount,2018,201,7/20/2018,21.7,17.2,19.4,17.2,19.4,1750.3,6.35,552.958
Rosemount,2018,202,7/21/2018,25.6,16.1,20.8,16.1,20.8,1771.1,0,552.958
Rosemount,2018,203,7/22/2018,27.2,16.1,21.7,16.1,21.7,1792.8,0,552.958
Rosemount,2018,204,7/23/2018,27.2,14.4,20.8,14.4,20.8,1813.6,2.032,554.99
Rosemount,2018,205,7/24/2018,27.8,16.1,21.9,16.1,21.9,1835.6,0,554.99
Rosemount,2018,206,7/25/2018,27.8,15.6,21.7,15.6,21.7,1857.2,0,554.99
Rosemount,2018,207,7/26/2018,27.2,13.9,20.6,13.9,20.6,1877.8,1.27,556.26
Rosemount,2018,208,7/27/2018,21.1,12.2,16.7,12.2,16.7,1894.4,1.016,557.276
Rosemount,2018,209,7/28/2018,24.4,10.6,17.5,10.6,17.5,1911.9,0,557.276
Rosemount,2018,210,7/29/2018,25.6,11.1,18.3,11.1,18.3,1930.3,0,557.276
Rosemount,2018,211,7/30/2018,27.2,12.8,20.0,12.8,20.0,1950.3,2.032,559.308
Rosemount,2018,212,7/31/2018,28.3,12.8,20.6,12.8,20.6,1970.8,0,559.308
Rosemount,2018,213,8/1/2018,28.3,16.1,22.2,16.1,22.2,1993.1,0,559.308
Rosemount,2018,214,8/2/2018,25.6,12.2,18.9,12.2,18.9,2011.9,1.27,560.578
Rosemount,2018,215,8/3/2018,22.2,12.8,17.5,12.8,17.5,2029.4,0,560.578
Rosemount,2018,216,8/4/2018,29.4,16.1,22.8,16.1,22.8,2052.2,0,560.578
Rosemount,2018,217,8/5/2018,24.4,20.0,22.2,20.0,22.2,2074.4,7.62,568.198
Rosemount,2018,218,8/6/2018,27.2,16.1,21.7,16.1,21.7,2096.1,47.244,615.442
Rosemount,2018,219,8/7/2018,27.2,16.1,21.7,16.1,21.7,2117.8,0,615.442
Rosemount,2018,220,8/8/2018,25.0,13.9,19.4,13.9,19.4,2137.2,4.318,619.76
Rosemount,2018,221,8/9/2018,29.4,16.7,23.1,16.7,23.1,2160.3,0,619.76
Rosemount,2018,222,8/10/2018,30.0,16.7,23.3,16.7,23.3,2183.6,0,619.76
Rosemount,2018,223,8/11/2018,30.6,16.1,23.3,16.1,23.3,2206.9,0,619.76
Rosemount,2018,224,8/12/2018,29.4,16.1,22.8,16.1,22.8,2229.7,0,619.76
Rosemount,2018,225,8/13/2018,30.6,17.8,24.2,17.8,24.2,2253.9,0,619.76
Rosemount,2018,226,8/14/2018,31.1,19.4,25.3,19.4,25.3,2279.2,0,619.76
Rosemount,2018,227,8/15/2018,31.1,18.3,24.7,18.3,24.7,2303.9,0,619.76
Rosemount,2018,228,8/16/2018,29.4,18.9,24.2,18.9,24.2,2328.1,0,619.76
Rosemount,2018,229,8/17/2018,29.4,17.8,23.6,17.8,23.6,2351.7,8.89,628.65
Rosemount,2018,230,8/18/2018,27.8,13.9,20.8,13.9,20.8,2372.5,0,628.65
Rosemount,2018,231,8/19/2018,28.3,15.6,21.9,15.6,21.9,2394.4,0,628.65
Rosemount,2018,232,8/20/2018,28.9,16.7,22.8,16.7,22.8,2417.2,0,628.65
Rosemount,2018,233,8/21/2018,24.4,16.7,20.6,16.7,20.6,2437.8,0,628.65
Rosemount,2018,234,8/22/2018,22.8,10.6,16.7,10.6,16.7,2454.4,0,628.65
Rosemount,2018,235,8/23/2018,26.1,11.1,18.6,11.1,18.6,2473.1,0,628.65
Rosemount,2018,236,8/24/2018,25.6,12.8,19.2,12.8,19.2,2492.2,1.27,629.92
Rosemount,2018,237,8/25/2018,20.0,16.1,18.1,16.1,18.1,2510.3,0,629.92
Rosemount,2018,238,8/26/2018,25.0,16.1,20.6,16.1,20.6,2530.8,0,629.92
Rosemount,2018,239,8/27/2018,27.8,18.9,23.3,18.9,23.3,2554.2,16.764,646.684
Rosemount,2018,240,8/28/2018,28.3,15.6,21.9,15.6,21.9,2576.1,14.986,661.67
Rosemount,2018,241,8/29/2018,17.8,9.4,13.6,9.4,13.6,2589.7,4.572,666.242
Rosemount,2018,242,8/30/2018,21.7,10.0,15.8,10.0,15.8,2605.6,0,666.242
Rosemount,2018,243,8/31/2018,25.0,11.7,18.3,11.7,18.3,2623.9,0,666.242
Rosemount,2018,244,9/1/2018,28.9,18.9,23.9,18.9,23.9,2647.8,0,666.242
Rosemount,2018,245,9/2/2018,30.0,19.4,24.7,19.4,24.7,2672.5,0,666.242
Rosemount,2018,246,9/3/2018,27.2,17.2,22.2,17.2,22.2,2694.7,0.254,666.496
Rosemount,2018,247,9/4/2018,22.8,19.4,21.1,19.4,21.1,2715.8,3.556,670.052
Rosemount,2018,248,9/5/2018,23.3,18.3,20.8,18.3,20.8,2736.7,56.896,726.948
Rosemount,2018,249,9/6/2018,21.1,9.4,15.3,9.4,15.3,2751.9,0,726.948
Rosemount,2018,250,9/7/2018,22.8,10.0,16.4,10.0,16.4,2768.3,0,726.948
Rosemount,2018,251,9/8/2018,23.9,10.6,17.2,10.6,17.2,2785.6,0,726.948
Rosemount,2018,252,9/9/2018,22.8,8.3,15.6,8.3,15.6,2801.1,0,726.948
Rosemount,2018,253,9/10/2018,22.8,8.3,15.6,8.3,15.6,2816.7,0,726.948
Rosemount,2018,254,9/11/2018,26.1,10.0,18.1,10.0,18.1,2834.7,0,726.948
Rosemount,2018,255,9/12/2018,28.3,15.0,21.7,15.0,21.7,2856.4,0,726.948
Rosemount,2018,256,9/13/2018,29.4,15.6,22.5,15.6,22.5,2878.9,0,726.948
Rosemount,2018,257,9/14/2018,29.4,16.7,23.1,16.7,23.1,2901.9,0,726.948
Rosemount,2018,258,9/15/2018,31.1,18.9,25.0,18.9,25.0,2926.9,0,726.948
Rosemount,2018,259,9/16/2018,33.3,19.4,26.4,19.4,26.4,2953.3,0,726.948
Rosemount,2018,260,9/17/2018,32.2,18.3,25.3,18.3,25.3,2978.6,0,726.948
Rosemount,2018,261,9/18/2018,27.2,14.4,20.8,14.4,20.8,2999.4,23.114,750.062
Rosemount,2018,262,9/19/2018,20.0,15.6,17.8,15.6,17.8,3017.2,5.334,755.396
Rosemount,2018,263,9/20/2018,18.9,15.0,16.9,15.0,16.9,3034.2,14.986,770.382
Rosemount,2018,264,9/21/2018,19.4,10.0,14.7,10.0,14.7,3048.9,48.26,818.642
Rosemount,2018,265,9/22/2018,13.9,3.3,8.6,3.3,8.6,3057.5,0,818.642
Rosemount,2018,266,9/23/2018,20.0,5.0,12.5,5.0,12.5,3070.0,0,818.642
Rosemount,2018,267,9/24/2018,24.4,8.9,16.7,8.9,16.7,3086.7,0,818.642
Rosemount,2018,268,9/25/2018,25.0,10.6,17.8,10.6,17.8,3104.4,2.54,821.182
Rosemount,2018,269,9/26/2018,11.7,4.4,8.1,4.4,8.1,3112.5,2.54,823.722
Rosemount,2018,270,9/27/2018,15.6,4.4,10.0,4.4,10.0,3122.5,0,823.722
Rosemount,2018,271,9/28/2018,16.7,5.6,11.1,5.6,11.1,3133.6,0,823.722
Rosemount,2018,272,9/29/2018,12.2,-0.6,5.8,0.0,6.1,3139.7,0,823.722
Rosemount,2018,273,9/30/2018,8.9,2.2,5.6,2.2,5.6,3145.3,0,823.722
Rosemount,2018,274,10/1/2018,11.7,6.7,9.2,6.7,9.2,3154.4,0,823.722
Rosemount,2018,275,10/2/2018,8.9,6.7,7.8,6.7,7.8,3162.2,9.144,832.866
Rosemount,2018,276,10/3/2018,14.4,7.8,11.1,7.8,11.1,3173.3,0,832.866
Rosemount,2018,277,10/4/2018,27.8,1.7,14.7,1.7,14.7,3188.1,4.826,837.692
Rosemount,2018,278,10/5/2018,7.8,1.7,4.7,1.7,4.7,3192.8,11.43,849.122
Rosemount,2018,279,10/6/2018,10.0,6.1,8.1,6.1,8.1,3200.8,0,849.122
Rosemount,2018,280,10/7/2018,6.7,4.4,5.6,4.4,5.6,3206.4,0,849.122
Rosemount,2018,281,10/8/2018,9.4,6.1,7.8,6.1,7.8,3214.2,7.366,856.488
Rosemount,2018,282,10/9/2018,11.1,7.8,9.4,7.8,9.4,3223.6,7.874,864.362
Rosemount,2018,283,10/10/2018,8.9,6.1,7.5,6.1,7.5,3231.1,32.512,896.874
Rosemount,2018,284,10/11/2018,10.6,0.6,5.6,0.6,5.6,3236.7,3.048,899.922
Rosemount,2018,285,10/12/2018,3.3,-1.7,0.8,0.0,1.7,3238.3,0,899.922
Rosemount,2018,286,10/13/2018,6.7,-1.7,2.5,0.0,3.3,3241.7,0,899.922
Rosemount,2018,287,10/14/2018,12.2,1.1,6.7,1.1,6.7,3248.3,0,899.922
Rosemount,2018,288,10/15/2018,2.2,-1.7,0.3,0.0,1.1,3249.4,2.54,902.462
Rosemount,2018,289,10/16/2018,6.7,-1.7,2.5,0.0,3.3,3252.8,0,902.462
Rosemount,2018,290,10/17/2018,13.3,0.0,6.7,0.0,6.7,3259.4,0,902.462
Rosemount,2018,291,10/18/2018,8.9,-2.8,3.1,0.0,4.4,3263.9,0,902.462
Rosemount,2018,292,10/19/2018,21.1,-1.1,10.0,0.0,10.6,3274.4,0,902.462
Rosemount,2018,293,10/20/2018,17.8,1.1,9.4,1.1,9.4,3283.9,0,902.462
Rosemount,2018,294,10/21/2018,5.0,-5.6,-0.3,0.0,2.5,3286.4,0,902.462
Rosemount,2018,295,10/22/2018,13.9,-5.0,4.4,0.0,6.9,3293.3,0,902.462
Rosemount,2018,296,10/23/2018,15.6,-2.2,6.7,0.0,7.8,3301.1,0,902.462
Rosemount,2018,297,10/24/2018,8.3,-5.6,1.4,0.0,4.2,3305.3,0,902.462
Rosemount,2018,298,10/25/2018,12.8,-5.6,3.6,0.0,6.4,3311.7,0,902.462
Rosemount,2018,299,10/26/2018,12.2,5.0,8.6,5.0,8.6,3320.3,0,902.462
Rosemount,2018,300,10/27/2018,8.9,5.0,6.9,5.0,6.9,3327.2,0,902.462
Rosemount,2018,301,10/28/2018,11.1,6.1,8.6,6.1,8.6,3335.8,4.318,906.78
Rosemount,2018,302,10/29/2018,12.8,-0.6,6.1,0.0,6.4,3342.2,12.192,918.972
Rosemount,2018,303,10/30/2018,11.1,1.1,6.1,1.1,6.1,3348.3,0,918.972
Rosemount,2018,304,10/31/2018,11.1,0.6,5.8,0.6,5.8,3354.2,0,918.972
Rosemount,2018,305,11/1/2018,11.7,-2.2,4.7,0.0,5.8,3360.0,0,918.972
Rosemount,2018,306,11/2/2018,9.4,-0.6,4.4,0.0,4.7,3364.7,0,918.972
Rosemount,2018,307,11/3/2018,8.3,-0.6,3.9,0.0,4.2,3368.9,0,918.972
Rosemount,2018,308,11/4/2018,7.2,1.1,4.2,1.1,4.2,3373.1,3.556,922.528
Rosemount,2018,309,11/5/2018,2.2,0.6,1.4,0.6,1.4,3374.4,10.922,933.45
Rosemount,2018,310,11/6/2018,5.6,1.7,3.6,1.7,3.6,3378.1,13.208,946.658
Rosemount,2018,311,11/7/2018,4.4,-2.8,0.8,0.0,2.2,3380.3,1.27,947.928
Rosemount,2018,312,11/8/2018,-0.6,-6.7,-3.6,0.0,0,3380.3,0,947.928
Rosemount,2018,313,11/9/2018,-3.3,-8.9,-6.1,0.0,0,3380.3,1.778,949.706
Rosemount,2018,314,11/10/2018,-3.9,-11.7,-7.8,0.0,0,3380.3,0,949.706
Rosemount,2018,315,11/11/2018,-6.1,-15.6,-10.8,0.0,0,3380.3,0,949.706
Rosemount,2018,316,11/12/2018,-2.2,-7.8,-5.0,0.0,0,3380.3,0,949.706
Rosemount,2018,317,11/13/2018,-3.9,-13.9,-8.9,0.0,0,3380.3,0,949.706
Rosemount,2018,318,11/14/2018,-6.1,-15.6,-10.8,0.0,0,3380.3,0,949.706
Rosemount,2018,319,11/15/2018,5.6,-9.4,-1.9,0.0,2.8,3383.1,0,949.706
Rosemount,2018,320,11/16/2018,5.6,-3.3,1.1,0.0,2.8,3385.8,0,949.706
Rosemount,2018,321,11/17/2018,-0.6,-6.7,-3.6,0.0,0,3385.8,0,949.706
Rosemount,2018,322,11/18/2018,-3.3,-16.1,-9.7,0.0,0,3385.8,0,949.706
Rosemount,2018,323,11/19/2018,-3.9,-15.6,-9.7,0.0,0,3385.8,0,949.706
Rosemount,2018,324,11/20/2018,-2.8,-12.2,-7.5,0.0,0,3385.8,0,949.706
Rosemount,2018,325,11/21/2018,0.0,-12.2,-6.1,0.0,0.0,3385.8,0,949.706
Rosemount,2018,326,11/22/2018,-2.8,-5.6,-4.2,0.0,0,3385.8,0,949.706
Rosemount,2018,327,11/23/2018,3.9,-3.3,0.3,0.0,1.9,3387.8,0,949.706
Rosemount,2018,328,11/24/2018,6.1,1.7,3.9,1.7,3.9,3391.7,7.112,956.818
Rosemount,2018,329,11/25/2018,1.7,-5.0,-1.7,0.0,0.8,3392.5,0,956.818
Rosemount,2018,330,11/26/2018,-2.8,-10.0,-6.4,0.0,0,3392.5,7.112,963.93
Rosemount,2018,331,11/27/2018,-5.6,-12.2,-8.9,0.0,0,3392.5,0,963.93
Rosemount,2018,332,11/28/2018,-5.0,-11.7,-8.3,0.0,0,3392.5,0,963.93
Rosemount,2018,333,11/29/2018,-3.3,-10.0,-6.7,0.0,0,3392.5,3.302,967.232
Rosemount,2018,334,11/30/2018,-1.7,-5.0,-3.3,0.0,0,3392.5,0,967.232
Rosemount,2018,335,12/1/2018,-1.7,-3.3,-2.5,0.0,0,3392.5,0,967.232
Rosemount,2018,336,12/2/2018,0.0,-3.3,-1.7,0.0,0.0,3392.5,9.398,976.63
Rosemount,2018,337,12/3/2018,-0.6,-3.9,-2.2,0.0,0,3392.5,0,976.63
Rosemount,2018,338,12/4/2018,-3.9,-6.7,-5.3,0.0,0,3392.5,0,976.63
Rosemount,2018,339,12/5/2018,-4.4,-7.2,-5.8,0.0,0,3392.5,0,976.63
Rosemount,2018,340,12/6/2018,-2.8,-8.9,-5.8,0.0,0,3392.5,0,976.63
Rosemount,2018,341,12/7/2018,-7.8,-19.4,-13.6,0.0,0,3392.5,0,976.63
Rosemount,2018,342,12/8/2018,-5.6,-15.6,-10.6,0.0,0,3392.5,0,976.63
Rosemount,2018,343,12/9/2018,-4.4,-12.8,-8.6,0.0,0,3392.5,0,976.63
Rosemount,2018,344,12/10/2018,-3.3,-13.9,-8.6,0.0,0,3392.5,0,976.63
Rosemount,2018,345,12/11/2018,-6.1,-15.6,-10.8,0.0,0,3392.5,0,976.63
Rosemount,2018,346,12/12/2018,-4.4,-13.9,-9.2,0.0,0,3392.5,0,976.63
Rosemount,2018,347,12/13/2018,-2.8,-6.1,-4.4,0.0,0,3392.5,0,976.63
Rosemount,2018,348,12/14/2018,-1.7,-5.6,-3.6,0.0,0,3392.5,0,976.63
Rosemount,2018,349,12/15/2018,2.2,-10.0,-3.9,0.0,1.1,3393.6,0,976.63
Rosemount,2018,350,12/16/2018,4.4,-8.9,-2.2,0.0,2.2,3395.8,0,976.63
Rosemount,2018,351,12/17/2018,6.1,-6.7,-0.3,0.0,3.1,3398.9,0,976.63
Rosemount,2018,352,12/18/2018,0.6,-6.1,-2.8,0.0,0.3,3399.2,0,976.63
Rosemount,2018,353,12/19/2018,5.0,-1.7,1.7,0.0,2.5,3401.7,0,976.63
Rosemount,2018,354,12/20/2018,3.9,-0.6,1.7,0.0,1.9,3403.6,0,976.63
Rosemount,2018,355,12/21/2018,1.7,-6.1,-2.2,0.0,0.8,3404.4,0,976.63
Rosemount,2018,356,12/22/2018,-4.4,-6.1,-5.3,0.0,0,3404.4,0,976.63
Rosemount,2018,357,12/23/2018,-1.1,-5.0,-3.1,0.0,0,3404.4,0,976.63
Rosemount,2018,358,12/24/2018,-3.9,-11.7,-7.8,0.0,0,3404.4,0,976.63
Rosemount,2018,359,12/25/2018,-3.9,-11.1,-7.5,0.0,0,3404.4,0,976.63
Rosemount,2018,360,12/26/2018,-2.8,-6.1,-4.4,0.0,0,3404.4,0,976.63
Rosemount,2018,361,12/27/2018,1.1,-4.4,-1.7,0.0,0.6,3405.0,7.874,984.504
Rosemount,2018,362,12/28/2018,2.2,-5.6,-1.7,0.0,1.1,3406.1,24.13,1008.634
Rosemount,2018,363,12/29/2018,-5.6,-12.8,-9.2,0.0,0,3406.1,0.508,1009.142
Rosemount,2018,364,12/30/2018,-6.1,-13.3,-9.7,0.0,0,3406.1,0.508,1009.65
Rosemount,2018,365,12/31/2018,-0.6,-6.1,-3.3,0.0,0,3406.1,37.846,1047.496
Rosemount,2019,1,1/1/2019,-1.1,-18.3,-9.7,0.0,0,0.0,0,0
Rosemount,2019,2,1/2/2019,-11.7,-18.3,-15.0,0.0,0,0.0,0.762,0.762
Rosemount,2019,3,1/3/2019,-4.4,-11.7,-8.1,0.0,0,0.0,0,0.762
Rosemount,2019,4,1/4/2019,3.9,-6.1,-1.1,0.0,1.9,0.0,0,0.762
Rosemount,2019,5,1/5/2019,6.7,-3.9,1.4,0.0,3.3,0.0,0,0.762
Rosemount,2019,6,1/6/2019,6.7,-5.0,0.8,0.0,3.3,0.0,0,0.762
Rosemount,2019,7,1/7/2019,3.9,-3.9,0.0,0.0,1.9,0.0,0,0.762
Rosemount,2019,8,1/8/2019,3.3,-1.1,1.1,0.0,1.7,0.0,0,0.762
Rosemount,2019,9,1/9/2019,-0.6,-15.0,-7.8,0.0,0,0.0,0,0.762
Rosemount,2019,10,1/10/2019,-9.4,-15.0,-12.2,0.0,0,0.0,0,0.762
Rosemount,2019,11,1/11/2019,-4.4,-12.2,-8.3,0.0,0,0.0,0,0.762
Rosemount,2019,12,1/12/2019,0.6,-8.9,-4.2,0.0,0.3,0.0,0,0.762
Rosemount,2019,13,1/13/2019,-1.7,-6.7,-4.2,0.0,0,0.0,0,0.762
Rosemount,2019,14,1/14/2019,0.6,-3.9,-1.7,0.0,0.3,0.0,0,0.762
Rosemount,2019,15,1/15/2019,-1.7,-3.3,-2.5,0.0,0,0.0,0,0.762
Rosemount,2019,16,1/16/2019,0.0,-14.4,-7.2,0.0,0.0,0.0,0,0.762
Rosemount,2019,17,1/17/2019,-6.7,-14.4,-10.6,0.0,0,0.0,0,0.762
Rosemount,2019,18,1/18/2019,-5.0,-12.8,-8.9,0.0,0,0.0,0,0.762
Rosemount,2019,19,1/19/2019,-12.2,-20.0,-16.1,0.0,0,0.0,0,0.762
Rosemount,2019,20,1/20/2019,-12.8,-22.2,-17.5,0.0,0,0.0,0,0.762
Rosemount,2019,21,1/21/2019,-12.8,-23.9,-18.3,0.0,0,0.0,0,0.762
Rosemount,2019,22,1/22/2019,-9.4,-19.4,-14.4,0.0,0,0.0,2.54,3.302
Rosemount,2019,23,1/23/2019,-7.8,-15.6,-11.7,0.0,0,0.0,0,3.302
Rosemount,2019,24,1/24/2019,-6.1,-13.3,-9.7,0.0,0,0.0,0,3.302
Rosemount,2019,25,1/25/2019,-12.2,-26.1,-19.2,0.0,0,0.0,0,3.302
Rosemount,2019,26,1/26/2019,-15.0,-25.0,-20.0,0.0,0,0.0,0,3.302
Rosemount,2019,27,1/27/2019,-12.8,-27.8,-20.3,0.0,0,0.0,0.508,3.81
Rosemount,2019,28,1/28/2019,-16.1,-26.7,-21.4,0.0,0,0.0,8.89,12.7
Rosemount,2019,29,1/29/2019,-12.2,-22.8,-17.5,0.0,0,0.0,0,12.7
Rosemount,2019,30,1/30/2019,-22.2,-33.9,-28.1,0.0,0,0.0,0,12.7
Rosemount,2019,31,1/31/2019,-26.1,-34.4,-30.3,0.0,0,0.0,0,12.7
Rosemount,2019,32,2/1/2019,-16.7,-33.9,-25.3,0.0,0,0.0,0,12.7
Rosemount,2019,33,2/2/2019,-6.7,-16.7,-11.7,0.0,0,0.0,0,12.7
Rosemount,2019,34,2/3/2019,3.3,-7.8,-2.2,0.0,1.7,0.0,0,12.7
Rosemount,2019,35,2/4/2019,2.2,-3.3,-0.6,0.0,1.1,0.0,3.048,15.748
Rosemount,2019,36,2/5/2019,-3.3,-17.2,-10.3,0.0,0,0.0,3.556,19.304
Rosemount,2019,37,2/6/2019,-10.6,-15.6,-13.1,0.0,0,0.0,9.652,28.956
Rosemount,2019,38,2/7/2019,-6.7,-10.6,-8.6,0.0,0,0.0,5.08,34.036
Rosemount,2019,39,2/8/2019,-8.9,-25.0,-16.9,0.0,0,0.0,3.302,37.338
Rosemount,2019,40,2/9/2019,-20.0,-31.1,-25.6,0.0,0,0.0,0,37.338
Rosemount,2019,41,2/10/2019,-13.3,-30.0,-21.7,0.0,0,0.0,0.508,37.846
Rosemount,2019,42,2/11/2019,-7.8,-13.3,-10.6,0.0,0,0.0,8.89,46.736
Rosemount,2019,43,2/12/2019,-4.4,-8.3,-6.4,0.0,0,0.0,7.112,53.848
Rosemount,2019,44,2/13/2019,-5.0,-17.2,-11.1,0.0,0,0.0,5.334,59.182
Rosemount,2019,45,2/14/2019,-6.7,-18.3,-12.5,0.0,0,0.0,0,59.182
Rosemount,2019,46,2/15/2019,-3.9,-21.7,-12.8,0.0,0,0.0,0.762,59.944
Rosemount,2019,47,2/16/2019,-10.6,-23.9,-17.2,0.0,0,0.0,0,59.944
Rosemount,2019,48,2/17/2019,-7.8,-20.6,-14.2,0.0,0,0.0,0,59.944
Rosemount,2019,49,2/18/2019,-5.0,-16.7,-10.8,0.0,0,0.0,1.016,60.96
Rosemount,2019,50,2/19/2019,-6.1,-25.6,-15.8,0.0,0,0.0,0,60.96
Rosemount,2019,51,2/20/2019,-7.2,-25.0,-16.1,0.0,0,0.0,5.842,66.802
Rosemount,2019,52,2/21/2019,-2.2,-18.3,-10.3,0.0,0,0.0,4.572,71.374
Rosemount,2019,53,2/22/2019,-8.3,-16.7,-12.5,0.0,0,0.0,0,71.374
Rosemount,2019,54,2/23/2019,-3.3,-16.7,-10.0,0.0,0,0.0,0,71.374
Rosemount,2019,55,2/24/2019,0.0,-11.1,-5.6,0.0,0.0,0.0,6.35,77.724
Rosemount,2019,56,2/25/2019,-9.4,-21.1,-15.3,0.0,0,0.0,7.366,85.09
Rosemount,2019,57,2/26/2019,-16.1,-21.1,-18.6,0.0,0,0.0,0,85.09
Rosemount,2019,58,2/27/2019,-13.9,-18.9,-16.4,0.0,0,0.0,10.16,95.25
Rosemount,2019,59,2/28/2019,-11.7,-24.4,-18.1,0.0,0,0.0,0,95.25
Rosemount,2019,60,3/1/2019,-7.8,-20.0,-13.9,0.0,0,0.0,0,95.25
Rosemount,2019,61,3/2/2019,-8.3,-18.9,-13.6,0.0,0,0.0,0,95.25
Rosemount,2019,62,3/3/2019,-7.8,-29.4,-18.6,0.0,0,0.0,0,95.25
Rosemount,2019,63,3/4/2019,-19.4,-28.9,-24.2,0.0,0,0.0,5.588,100.838
Rosemount,2019,64,3/5/2019,-13.9,-24.4,-19.2,0.0,0,0.0,0,100.838
Rosemount,2019,65,3/6/2019,-10.0,-19.4,-14.7,0.0,0,0.0,0,100.838
Rosemount,2019,66,3/7/2019,-6.1,-20.6,-13.3,0.0,0,0.0,0,100.838
Rosemount,2019,67,3/8/2019,-6.7,-18.3,-12.5,0.0,0,0.0,0,100.838
Rosemount,2019,68,3/9/2019,-6.7,-18.3,-12.5,0.0,0,0.0,0,100.838
Rosemount,2019,69,3/10/2019,1.1,-8.9,-3.9,0.0,0.6,0.0,12.7,113.538
Rosemount,2019,70,3/11/2019,2.2,-15.6,-6.7,0.0,1.1,0.0,20.32,133.858
Rosemount,2019,71,3/12/2019,-1.7,-17.2,-9.4,0.0,0,0.0,0,133.858
Rosemount,2019,72,3/13/2019,2.8,-7.8,-2.5,0.0,1.4,0.0,8.89,142.748
Rosemount,2019,73,3/14/2019,5.0,1.7,3.3,1.7,3.3,0.0,11.684,154.432
Rosemount,2019,74,3/15/2019,7.2,-3.3,1.9,0.0,3.6,0.0,11.176,165.608
Rosemount,2019,75,3/16/2019,1.1,-8.3,-3.6,0.0,0.6,0.0,0,165.608
Rosemount,2019,76,3/17/2019,0.6,-7.8,-3.6,0.0,0.3,0.0,0,165.608
Rosemount,2019,77,3/18/2019,3.3,-5.0,-0.8,0.0,1.7,0.0,0,165.608
Rosemount,2019,78,3/19/2019,2.8,-5.0,-1.1,0.0,1.4,0.0,0,165.608
Rosemount,2019,79,3/20/2019,5.6,-1.7,1.9,0.0,2.8,0.0,0,165.608
Rosemount,2019,80,3/21/2019,7.8,-2.2,2.8,0.0,3.9,0.0,0,165.608
Rosemount,2019,81,3/22/2019,8.3,-2.2,3.1,0.0,4.2,0.0,0,165.608
Rosemount,2019,82,3/23/2019,9.4,-5.0,2.2,0.0,4.7,0.0,0,165.608
Rosemount,2019,83,3/24/2019,10.0,-3.9,3.1,0.0,5.0,5.0,0,165.608
Rosemount,2019,84,3/25/2019,12.2,-3.3,4.4,0.0,6.1,11.1,0,165.608
Rosemount,2019,85,3/26/2019,7.2,-4.4,1.4,0.0,3.6,14.7,0,165.608
Rosemount,2019,86,3/27/2019,9.4,-3.3,3.1,0.0,4.7,19.4,0,165.608
Rosemount,2019,87,3/28/2019,17.2,1.1,9.2,1.1,9.2,28.6,0,165.608
Rosemount,2019,88,3/29/2019,10.6,-3.3,3.6,0.0,5.3,33.9,0,165.608
Rosemount,2019,89,3/30/2019,7.8,-2.8,2.5,0.0,3.9,37.8,0,165.608
Rosemount,2019,90,3/31/2019,2.2,-7.8,-2.8,0.0,1.1,38.9,0,165.608
Rosemount,2019,91,4/1/2019,3.3,-5.6,-1.1,0.0,1.7,40.6,0,165.608
Rosemount,2019,92,4/2/2019,6.1,-2.8,1.7,0.0,3.1,43.6,0,165.608
Rosemount,2019,93,4/3/2019,10.0,-3.9,3.1,0.0,5.0,48.6,0,165.608
Rosemount,2019,94,4/4/2019,9.4,0.0,4.7,0.0,4.7,53.3,0,165.608
Rosemount,2019,95,4/5/2019,6.7,0.6,3.6,0.6,3.6,56.9,1.27,166.878
Rosemount,2019,96,4/6/2019,11.1,1.7,6.4,1.7,6.4,63.3,0,166.878
Rosemount,2019,97,4/7/2019,11.1,7.8,9.4,7.8,9.4,72.8,6.858,173.736
Rosemount,2019,98,4/8/2019,16.7,2.8,9.7,2.8,9.7,82.5,16.764,190.5
Rosemount,2019,99,4/9/2019,20.0,0.6,10.3,0.6,10.3,92.8,0,190.5
Rosemount,2019,100,4/10/2019,13.9,-4.4,4.7,0.0,6.9,99.7,0,190.5
Rosemount,2019,101,4/11/2019,0.0,-3.3,-1.7,0.0,0.0,99.7,24.384,214.884
Rosemount,2019,102,4/12/2019,1.1,-2.8,-0.8,0.0,0.6,100.3,7.874,222.758
Rosemount,2019,103,4/13/2019,1.7,-2.2,-0.3,0.0,0.8,101.1,0,222.758
Rosemount,2019,104,4/14/2019,2.8,-5.6,-1.4,0.0,1.4,102.5,0,222.758
Rosemount,2019,105,4/15/2019,7.8,-3.9,1.9,0.0,3.9,106.4,0,222.758
Rosemount,2019,106,4/16/2019,12.2,-1.1,5.6,0.0,6.1,112.5,0,222.758
Rosemount,2019,107,4/17/2019,20.0,4.4,12.2,4.4,12.2,124.7,0,222.758
Rosemount,2019,108,4/18/2019,9.4,3.9,6.7,3.9,6.7,131.4,49.53,272.288
Rosemount,2019,109,4/19/2019,11.7,0.0,5.8,0.0,5.8,137.2,0,272.288
Rosemount,2019,110,4/20/2019,17.2,1.7,9.4,1.7,9.4,146.7,0,272.288
Rosemount,2019,111,4/21/2019,24.4,6.7,15.6,6.7,15.6,162.2,0,272.288
Rosemount,2019,112,4/22/2019,26.7,7.2,16.9,7.2,16.9,179.2,6.096,278.384
Rosemount,2019,113,4/23/2019,7.2,1.7,4.4,1.7,4.4,183.6,15.24,293.624
Rosemount,2019,114,4/24/2019,17.8,2.8,10.3,2.8,10.3,193.9,0,293.624
Rosemount,2019,115,4/25/2019,22.2,8.3,15.3,8.3,15.3,209.2,0,293.624
Rosemount,2019,116,4/26/2019,21.1,5.6,13.3,5.6,13.3,222.5,0,293.624
Rosemount,2019,117,4/27/2019,14.4,5.6,10.0,5.6,10.0,232.5,0,293.624
Rosemount,2019,118,4/28/2019,9.4,-2.2,3.6,0.0,4.7,237.2,0,293.624
Rosemount,2019,119,4/29/2019,12.2,2.2,7.2,2.2,7.2,244.4,0,293.624
Rosemount,2019,120,4/30/2019,15.0,3.9,9.4,3.9,9.4,253.9,0,293.624
Rosemount,2019,121,5/1/2019,7.2,2.8,5.0,2.8,5.0,258.9,7.874,301.498
Rosemount,2019,122,5/2/2019,7.2,2.8,5.0,2.8,5.0,263.9,0,301.498
Rosemount,2019,123,5/3/2019,12.8,-0.6,6.1,0.0,6.4,270.3,0,301.498
Rosemount,2019,124,5/4/2019,16.1,2.8,9.4,2.8,9.4,279.7,0,301.498
Rosemount,2019,125,5/5/2019,21.7,6.1,13.9,6.1,13.9,293.6,0,301.498
Rosemount,2019,126,5/6/2019,17.8,7.2,12.5,7.2,12.5,306.1,0,301.498
Rosemount,2019,127,5/7/2019,14.4,4.4,9.4,4.4,9.4,315.6,0,301.498
Rosemount,2019,128,5/8/2019,17.2,6.1,11.7,6.1,11.7,327.2,0,301.498
Rosemount,2019,129,5/9/2019,7.2,1.1,4.2,1.1,4.2,331.4,47.498,348.996
Rosemount,2019,130,5/10/2019,11.1,1.7,6.4,1.7,6.4,337.8,0,348.996
Rosemount,2019,131,5/11/2019,15.0,1.7,8.3,1.7,8.3,346.1,0,348.996
Rosemount,2019,132,5/12/2019,17.8,3.9,10.8,3.9,10.8,356.9,0,348.996
Rosemount,2019,133,5/13/2019,16.7,2.2,9.4,2.2,9.4,366.4,0,348.996
Rosemount,2019,134,5/14/2019,18.9,7.2,13.1,7.2,13.1,379.4,0,348.996
Rosemount,2019,135,5/15/2019,22.8,11.1,16.9,11.1,16.9,396.4,4.064,353.06
Rosemount,2019,136,5/16/2019,24.4,14.4,19.4,14.4,19.4,415.8,13.716,366.776
Rosemount,2019,137,5/17/2019,27.8,9.4,18.6,9.4,18.6,434.4,0,366.776
Rosemount,2019,138,5/18/2019,20.0,7.2,13.6,7.2,13.6,448.1,0,366.776
Rosemount,2019,139,5/19/2019,9.4,6.1,7.8,6.1,7.8,455.8,24.638,391.414
Rosemount,2019,140,5/20/2019,6.1,0.6,3.3,0.6,3.3,459.2,36.83,428.244
Rosemount,2019,141,5/21/2019,16.1,5.6,10.8,5.6,10.8,470.0,0,428.244
Rosemount,2019,142,5/22/2019,14.4,7.2,10.8,7.2,10.8,480.8,21.336,449.58
Rosemount,2019,143,5/23/2019,17.2,10.0,13.6,10.0,13.6,494.4,0.508,450.088
Rosemount,2019,144,5/24/2019,15.0,8.9,11.9,8.9,11.9,506.4,1.524,451.612
Rosemount,2019,145,5/25/2019,22.2,10.6,16.4,10.6,16.4,522.8,0,451.612
Rosemount,2019,146,5/26/2019,20.6,6.7,13.6,6.7,13.6,536.4,0,451.612
Rosemount,2019,147,5/27/2019,23.3,12.8,18.1,12.8,18.1,554.4,0,451.612
Rosemount,2019,148,5/28/2019,13.3,7.2,10.3,7.2,10.3,564.7,39.624,491.236
Rosemount,2019,149,5/29/2019,18.9,7.2,13.1,7.2,13.1,577.8,0,491.236
Rosemount,2019,150,5/30/2019,22.8,10.0,16.4,10.0,16.4,594.2,0,491.236
Rosemount,2019,151,5/31/2019,27.8,13.9,20.8,13.9,20.8,615.0,0,491.236
Rosemount,2019,152,6/1/2019,31.1,12.8,21.9,12.8,21.9,636.9,0,491.236
Rosemount,2019,153,6/2/2019,22.2,7.8,15.0,7.8,15.0,651.9,0,491.236
Rosemount,2019,154,6/3/2019,23.9,11.1,17.5,11.1,17.5,669.4,2.286,493.522
Rosemount,2019,155,6/4/2019,28.3,12.8,20.6,12.8,20.6,690.0,0,493.522
Rosemount,2019,156,6/5/2019,30.6,16.1,23.3,16.1,23.3,713.3,26.67,520.192
Rosemount,2019,157,6/6/2019,27.8,13.3,20.6,13.3,20.6,733.9,0,520.192
Rosemount,2019,158,6/7/2019,30.6,17.8,24.2,17.8,24.2,758.1,0,520.192
Rosemount,2019,159,6/8/2019,32.2,18.3,25.3,18.3,25.3,783.3,0,520.192
Rosemount,2019,160,6/9/2019,30.6,16.1,23.3,16.1,23.3,806.7,0,520.192
Rosemount,2019,161,6/10/2019,21.1,9.4,15.3,9.4,15.3,821.9,0,520.192
Rosemount,2019,162,6/11/2019,25.0,11.7,18.3,11.7,18.3,840.3,0,520.192
Rosemount,2019,163,6/12/2019,18.3,12.2,15.3,12.2,15.3,855.6,5.08,525.272
Rosemount,2019,164,6/13/2019,20.6,6.7,13.6,6.7,13.6,869.2,0,525.272
Rosemount,2019,165,6/14/2019,21.7,12.8,17.2,12.8,17.2,886.4,0,525.272
Rosemount,2019,166,6/15/2019,29.4,16.1,22.8,16.1,22.8,909.2,0,525.272
Rosemount,2019,167,6/16/2019,21.1,13.9,17.5,13.9,17.5,926.7,1.27,526.542
Rosemount,2019,168,6/17/2019,22.2,12.8,17.5,12.8,17.5,944.2,0,526.542
Rosemount,2019,169,6/18/2019,23.3,12.8,18.1,12.8,18.1,962.2,0,526.542
Rosemount,2019,170,6/19/2019,22.8,11.1,16.9,11.1,16.9,979.2,0,526.542
Rosemount,2019,171,6/20/2019,25.6,16.1,20.8,16.1,20.8,1000.0,0,526.542
Rosemount,2019,172,6/21/2019,22.8,15.0,18.9,15.0,18.9,1018.9,21.082,547.624
Rosemount,2019,173,6/22/2019,22.8,15.0,18.9,15.0,18.9,1037.8,0,547.624
Rosemount,2019,174,6/23/2019,24.4,16.7,20.6,16.7,20.6,1058.3,0,547.624
Rosemount,2019,175,6/24/2019,23.3,15.6,19.4,15.6,19.4,1077.8,11.684,559.308
Rosemount,2019,176,6/25/2019,22.2,13.9,18.1,13.9,18.1,1095.8,0.762,560.07
Rosemount,2019,177,6/26/2019,26.7,13.9,20.3,13.9,20.3,1116.1,0,560.07
Rosemount,2019,178,6/27/2019,29.4,17.8,23.6,17.8,23.6,1139.7,0,560.07
Rosemount,2019,179,6/28/2019,25.0,17.8,21.4,17.8,21.4,1161.1,7.366,567.436
Rosemount,2019,180,6/29/2019,29.4,17.2,23.3,17.2,23.3,1184.4,0,567.436
Rosemount,2019,181,6/30/2019,32.2,22.8,27.5,22.8,27.5,1211.9,0,567.436
Rosemount,2019,182,7/1/2019,26.1,18.3,22.2,18.3,22.2,1234.2,65.278,632.714
Rosemount,2019,183,7/2/2019,25.6,19.4,22.5,19.4,22.5,1256.7,5.588,638.302
Rosemount,2019,184,7/3/2019,29.4,21.7,25.6,21.7,25.6,1282.2,0,638.302
Rosemount,2019,185,7/4/2019,30.0,20.0,25.0,20.0,25.0,1307.2,0,638.302
Rosemount,2019,186,7/5/2019,28.9,17.2,23.1,17.2,23.1,1330.3,1.016,639.318
Rosemount,2019,187,7/6/2019,28.3,18.9,23.6,18.9,23.6,1353.9,2.54,641.858
Rosemount,2019,188,7/7/2019,27.2,17.2,22.2,17.2,22.2,1376.1,0,641.858
Rosemount,2019,189,7/8/2019,28.3,17.8,23.1,17.8,23.1,1399.2,18.034,659.892
Rosemount,2019,190,7/9/2019,29.4,18.9,24.2,18.9,24.2,1423.3,0,659.892
Rosemount,2019,191,7/10/2019,27.2,18.3,22.8,18.3,22.8,1446.1,8.636,668.528
Rosemount,2019,192,7/11/2019,25.0,17.2,21.1,17.2,21.1,1467.2,4.318,672.846
Rosemount,2019,193,7/12/2019,27.8,15.6,21.7,15.6,21.7,1488.9,0,672.846
Rosemount,2019,194,7/13/2019,29.4,18.3,23.9,18.3,23.9,1512.8,0,672.846
Rosemount,2019,195,7/14/2019,29.4,20.0,24.7,20.0,24.7,1537.5,0,672.846
Rosemount,2019,196,7/15/2019,32.8,20.6,26.7,20.6,26.7,1564.2,3.302,676.148
Rosemount,2019,197,7/16/2019,32.2,18.9,25.6,18.9,25.6,1589.7,39.37,715.518
Rosemount,2019,198,7/17/2019,27.8,17.8,22.8,17.8,22.8,1612.5,0,715.518
Rosemount,2019,199,7/18/2019,29.4,20.6,25.0,20.6,25.0,1637.5,1.778,717.296
Rosemount,2019,200,7/19/2019,31.7,19.4,25.6,19.4,25.6,1663.1,0,717.296
Rosemount,2019,201,7/20/2019,34.4,21.1,27.8,21.1,27.8,1690.8,0,717.296
Rosemount,2019,202,7/21/2019,23.3,13.3,18.3,13.3,18.3,1709.2,20.828,738.124
Rosemount,2019,203,7/22/2019,26.7,14.4,20.6,14.4,20.6,1729.7,29.718,767.842
Rosemount,2019,204,7/23/2019,25.0,14.4,19.7,14.4,19.7,1749.4,0,767.842
Rosemount,2019,205,7/24/2019,26.7,13.3,20.0,13.3,20.0,1769.4,0,767.842
Rosemount,2019,206,7/25/2019,27.8,15.6,21.7,15.6,21.7,1791.1,0,767.842
Rosemount,2019,207,7/26/2019,26.1,17.2,21.7,17.2,21.7,1812.8,1.778,769.62
Rosemount,2019,208,7/27/2019,28.9,18.3,23.6,18.3,23.6,1836.4,0,769.62
Rosemount,2019,209,7/28/2019,28.9,15.0,21.9,15.0,21.9,1858.3,0,769.62
Rosemount,2019,210,7/29/2019,25.0,15.0,20.0,15.0,20.0,1878.3,1.778,771.398
Rosemount,2019,211,7/30/2019,25.6,13.3,19.4,13.3,19.4,1897.8,0,771.398
Rosemount,2019,212,7/31/2019,23.9,10.0,16.9,10.0,16.9,1914.7,0,771.398
Rosemount,2019,213,8/1/2019,26.7,13.3,20.0,13.3,20.0,1934.7,0,771.398
Rosemount,2019,214,8/2/2019,28.3,15.6,21.9,15.6,21.9,1956.7,0,771.398
Rosemount,2019,215,8/3/2019,28.3,18.3,23.3,18.3,23.3,1980.0,0,771.398
Rosemount,2019,216,8/4/2019,30.6,17.2,23.9,17.2,23.9,2003.9,0,771.398
Rosemount,2019,217,8/5/2019,29.4,18.9,24.2,18.9,24.2,2028.1,0.762,772.16
Rosemount,2019,218,8/6/2019,30.0,16.7,23.3,16.7,23.3,2051.4,5.588,777.748
Rosemount,2019,219,8/7/2019,30.6,20.6,25.6,20.6,25.6,2076.9,0,777.748
Rosemount,2019,220,8/8/2019,28.9,17.8,23.3,17.8,23.3,2100.3,0,777.748
Rosemount,2019,221,8/9/2019,24.4,15.6,20.0,15.6,20.0,2120.3,0,777.748
Rosemount,2019,222,8/10/2019,25.6,16.7,21.1,16.7,21.1,2141.4,0,777.748
Rosemount,2019,223,8/11/2019,22.2,17.2,19.7,17.2,19.7,2161.1,4.572,782.32
Rosemount,2019,224,8/12/2019,25.6,15.0,20.3,15.0,20.3,2181.4,5.842,788.162
Rosemount,2019,225,8/13/2019,26.1,16.1,21.1,16.1,21.1,2202.5,0,788.162
Rosemount,2019,226,8/14/2019,27.2,16.1,21.7,16.1,21.7,2224.2,3.048,791.21
Rosemount,2019,227,8/15/2019,25.0,10.6,17.8,10.6,17.8,2241.9,0,791.21
Rosemount,2019,228,8/16/2019,26.7,14.4,20.6,14.4,20.6,2262.5,19.304,810.514
Rosemount,2019,229,8/17/2019,25.6,13.9,19.7,13.9,19.7,2282.2,0,810.514
Rosemount,2019,230,8/18/2019,28.3,16.1,22.2,16.1,22.2,2304.4,14.732,825.246
Rosemount,2019,231,8/19/2019,22.8,9.4,16.1,9.4,16.1,2320.6,19.558,844.804
Rosemount,2019,232,8/20/2019,26.7,13.3,20.0,13.3,20.0,2340.6,0,844.804
Rosemount,2019,233,8/21/2019,26.7,13.9,20.3,13.9,20.3,2360.8,14.732,859.536
Rosemount,2019,234,8/22/2019,23.9,11.1,17.5,11.1,17.5,2378.3,0,859.536
Rosemount,2019,235,8/23/2019,22.8,11.7,17.2,11.7,17.2,2395.6,0,859.536
Rosemount,2019,236,8/24/2019,23.9,13.9,18.9,13.9,18.9,2414.4,0,859.536
Rosemount,2019,237,8/25/2019,23.3,14.4,18.9,14.4,18.9,2433.3,0,859.536
Rosemount,2019,238,8/26/2019,23.3,15.0,19.2,15.0,19.2,2452.5,0,859.536
Rosemount,2019,239,8/27/2019,20.6,13.3,16.9,13.3,16.9,2469.4,23.114,882.65
Rosemount,2019,240,8/28/2019,21.7,11.7,16.7,11.7,16.7,2486.1,2.032,884.682
Rosemount,2019,241,8/29/2019,21.1,11.1,16.1,11.1,16.1,2502.2,0,884.682
Rosemount,2019,242,8/30/2019,22.8,9.4,16.1,9.4,16.1,2518.3,0,884.682
Rosemount,2019,243,8/31/2019,22.2,10.6,16.4,10.6,16.4,2534.7,0,884.682
Rosemount,2019,244,9/1/2019,22.2,12.2,17.2,12.2,17.2,2551.9,0,884.682
Rosemount,2019,245,9/2/2019,23.3,13.9,18.6,13.9,18.6,2570.6,0,884.682
Rosemount,2019,246,9/3/2019,24.4,17.2,20.8,17.2,20.8,2591.4,5.842,890.524
Rosemount,2019,247,9/4/2019,23.9,12.8,18.3,12.8,18.3,2609.7,0,890.524
Rosemount,2019,248,9/5/2019,21.1,10.6,15.8,10.6,15.8,2625.6,0,890.524
Rosemount,2019,249,9/6/2019,26.1,13.3,19.7,13.3,19.7,2645.3,0,890.524
Rosemount,2019,250,9/7/2019,24.4,10.6,17.5,10.6,17.5,2662.8,0,890.524
Rosemount,2019,251,9/8/2019,20.0,11.7,15.8,11.7,15.8,2678.6,0,890.524
Rosemount,2019,252,9/9/2019,15.0,11.7,13.3,11.7,13.3,2691.9,2.794,893.318
Rosemount,2019,253,9/10/2019,20.0,13.3,16.7,13.3,16.7,2708.6,18.288,911.606
Rosemount,2019,254,9/11/2019,25.6,15.6,20.6,15.6,20.6,2729.2,29.972,941.578
Rosemount,2019,255,9/12/2019,18.9,13.3,16.1,13.3,16.1,2745.3,50.8,992.378
Rosemount,2019,256,9/13/2019,18.3,11.7,15.0,11.7,15.0,2760.3,9.144,1001.522
Rosemount,2019,257,9/14/2019,15.0,7.2,11.1,7.2,11.1,2771.4,0,1001.522
Rosemount,2019,258,9/15/2019,24.4,9.4,16.9,9.4,16.9,2788.3,0,1001.522
Rosemount,2019,259,9/16/2019,27.8,13.9,20.8,13.9,20.8,2809.2,0.762,1002.284
Rosemount,2019,260,9/17/2019,30.6,15.6,23.1,15.6,23.1,2832.2,0,1002.284
Rosemount,2019,261,9/18/2019,30.6,20.0,25.3,20.0,25.3,2857.5,4.572,1006.856
Rosemount,2019,262,9/19/2019,26.7,15.0,20.8,15.0,20.8,2878.3,1.27,1008.126
Rosemount,2019,263,9/20/2019,28.3,16.7,22.5,16.7,22.5,2900.8,0,1008.126
Rosemount,2019,264,9/21/2019,29.4,17.2,23.3,17.2,23.3,2924.2,0,1008.126
Rosemount,2019,265,9/22/2019,26.7,15.0,20.8,15.0,20.8,2945.0,0,1008.126
Rosemount,2019,266,9/23/2019,19.4,9.4,14.4,9.4,14.4,2959.4,9.398,1017.524
Rosemount,2019,267,9/24/2019,23.3,10.6,16.9,10.6,16.9,2976.4,0,1017.524
Rosemount,2019,268,9/25/2019,27.2,12.2,19.7,12.2,19.7,2996.1,6.35,1023.874
Rosemount,2019,269,9/26/2019,20.0,6.7,13.3,6.7,13.3,3009.4,0,1023.874
Rosemount,2019,270,9/27/2019,20.0,7.8,13.9,7.8,13.9,3023.3,0,1023.874
Rosemount,2019,271,9/28/2019,18.9,7.2,13.1,7.2,13.1,3036.4,0,1023.874
Rosemount,2019,272,9/29/2019,16.7,8.3,12.5,8.3,12.5,3048.9,5.08,1028.954
Rosemount,2019,273,9/30/2019,21.1,8.9,15.0,8.9,15.0,3063.9,6.858,1035.812
Rosemount,2019,274,10/1/2019,30.0,12.2,21.1,12.2,21.1,3085.0,2.54,1038.352
Rosemount,2019,275,10/2/2019,12.2,8.3,10.3,8.3,10.3,3095.3,13.97,1052.322
Rosemount,2019,276,10/3/2019,10.6,7.2,8.9,7.2,8.9,3104.2,15.24,1067.562
Rosemount,2019,277,10/4/2019,9.4,5.0,7.2,5.0,7.2,3111.4,0,1067.562
Rosemount,2019,278,10/5/2019,8.9,6.1,7.5,6.1,7.5,3118.9,3.81,1071.372
Rosemount,2019,279,10/6/2019,13.3,6.7,10.0,6.7,10.0,3128.9,19.05,1090.422
Rosemount,2019,280,10/7/2019,17.8,5.6,11.7,5.6,11.7,3140.6,29.718,1120.14
Rosemount,2019,281,10/8/2019,18.9,6.1,12.5,6.1,12.5,3153.1,0,1120.14
Rosemount,2019,282,10/9/2019,21.1,7.2,14.2,7.2,14.2,3167.2,0,1120.14
Rosemount,2019,283,10/10/2019,22.8,10.6,16.7,10.6,16.7,3183.9,5.842,1125.982
Rosemount,2019,284,10/11/2019,14.4,1.1,7.8,1.1,7.8,3191.7,9.652,1135.634
Rosemount,2019,285,10/12/2019,3.9,-0.6,1.7,0.0,1.9,3193.6,0,1135.634
Rosemount,2019,286,10/13/2019,2.8,-0.6,1.1,0.0,1.4,3195.0,0.508,1136.142
Rosemount,2019,287,10/14/2019,5.0,0.0,2.5,0.0,2.5,3197.5,1.27,1137.412
Rosemount,2019,288,10/15/2019,9.4,0.0,4.7,0.0,4.7,3202.2,1.27,1138.682
Rosemount,2019,289,10/16/2019,10.0,4.4,7.2,4.4,7.2,3209.4,0,1138.682
Rosemount,2019,290,10/17/2019,7.8,-1.1,3.3,0.0,3.9,3213.3,0,1138.682
Rosemount,2019,291,10/18/2019,13.9,0.6,7.2,0.6,7.2,3220.6,0,1138.682
Rosemount,2019,292,10/19/2019,20.0,6.1,13.1,6.1,13.1,3233.6,0,1138.682
Rosemount,2019,293,10/20/2019,18.9,1.1,10.0,1.1,10.0,3243.6,0,1138.682
Rosemount,2019,294,10/21/2019,19.4,1.1,10.3,1.1,10.3,3253.9,10.16,1148.842
Rosemount,2019,295,10/22/2019,12.8,4.4,8.6,4.4,8.6,3262.5,18.288,1167.13
Rosemount,2019,296,10/23/2019,6.1,-0.6,2.8,0.0,3.1,3265.6,1.016,1168.146
Rosemount,2019,297,10/24/2019,7.2,-1.1,3.1,0.0,3.6,3269.2,0,1168.146
Rosemount,2019,298,10/25/2019,6.1,-4.4,0.8,0.0,3.1,3272.2,0,1168.146
Rosemount,2019,299,10/26/2019,12.2,-2.2,5.0,0.0,6.1,3278.3,0,1168.146
Rosemount,2019,300,10/27/2019,12.8,-2.8,5.0,0.0,6.4,3284.7,0,1168.146
Rosemount,2019,301,10/28/2019,6.7,-3.3,1.7,0.0,3.3,3288.1,0,1168.146
Rosemount,2019,302,10/29/2019,2.8,-6.1,-1.7,0.0,1.4,3289.4,0,1168.146
Rosemount,2019,303,10/30/2019,3.9,-7.8,-1.9,0.0,1.9,3291.4,0,1168.146
Rosemount,2019,304,10/31/2019,1.1,-6.1,-2.5,0.0,0.6,3291.9,0,1168.146
Rosemount,2019,305,11/1/2019,1.1,-4.4,-1.7,0.0,0.6,3292.5,0,1168.146
Rosemount,2019,306,11/2/2019,4.4,-0.6,1.9,0.0,2.2,3294.7,0,1168.146
Rosemount,2019,307,11/3/2019,0.6,-3.3,-1.4,0.0,0.3,3295.0,0,1168.146
Rosemount,2019,308,11/4/2019,7.2,-1.7,2.8,0.0,3.6,3298.6,2.54,1170.686
Rosemount,2019,309,11/5/2019,4.4,-8.3,-1.9,0.0,2.2,3300.8,1.27,1171.956
Rosemount,2019,310,11/6/2019,-0.6,-5.6,-3.1,0.0,0,3300.8,2.54,1174.496
Rosemount,2019,311,11/7/2019,-1.7,-13.9,-7.8,0.0,0,3300.8,0,1174.496
Rosemount,2019,312,11/8/2019,-3.9,-13.3,-8.6,0.0,0,3300.8,0,1174.496
Rosemount,2019,313,11/9/2019,0.6,-8.3,-3.9,0.0,0.3,3301.1,0,1174.496
Rosemount,2019,314,11/10/2019,5.6,-5.6,0.0,0.0,2.8,3303.9,1.27,1175.766
Rosemount,2019,315,11/11/2019,-1.7,-11.1,-6.4,0.0,0,3303.9,2.032,1177.798
Rosemount,2019,316,11/12/2019,-8.9,-17.2,-13.1,0.0,0,3303.9,0,1177.798
Rosemount,2019,317,11/13/2019,-6.7,-15.6,-11.1,0.0,0,3303.9,0,1177.798
Rosemount,2019,318,11/14/2019,-2.2,-7.2,-4.7,0.0,0,3303.9,1.27,1179.068
Rosemount,2019,319,11/15/2019,0.0,-7.2,-3.6,0.0,0.0,3303.9,0,1179.068
Rosemount,2019,320,11/16/2019,3.9,-3.3,0.3,0.0,1.9,3305.8,0,1179.068
Rosemount,2019,321,11/17/2019,7.8,0.6,4.2,0.6,4.2,3310.0,2.54,1181.608
Rosemount,2019,322,11/18/2019,3.3,-1.7,0.8,0.0,1.7,3311.7,2.286,1183.894
Rosemount,2019,323,11/19/2019,1.7,-1.7,0.0,0.0,0.8,3312.5,4.064,1187.958
Rosemount,2019,324,11/20/2019,3.9,0.6,2.2,0.6,2.2,3314.7,0,1187.958
Rosemount,2019,325,11/21/2019,6.7,0.6,3.6,0.6,3.6,3318.3,11.43,1199.388
Rosemount,2019,326,11/22/2019,1.7,-8.9,-3.6,0.0,0.8,3319.2,0,1199.388
Rosemount,2019,327,11/23/2019,-2.2,-7.8,-5.0,0.0,0,3319.2,0,1199.388
Rosemount,2019,328,11/24/2019,5.6,-2.2,1.7,0.0,2.8,3321.9,0,1199.388
Rosemount,2019,329,11/25/2019,6.1,0.6,3.3,0.6,3.3,3325.3,0,1199.388
Rosemount,2019,330,11/26/2019,6.1,0.6,3.3,0.6,3.3,3328.6,0,1199.388
Rosemount,2019,331,11/27/2019,1.1,-2.8,-0.8,0.0,0.6,3329.2,0,1199.388
Rosemount,2019,332,11/28/2019,-0.6,-7.2,-3.9,0.0,0,3329.2,0,1199.388
Rosemount,2019,333,11/29/2019,-2.8,-5.6,-4.2,0.0,0,3329.2,0.254,1199.642
Rosemount,2019,334,11/30/2019,-0.6,-2.8,-1.7,0.0,0,3329.2,5.08,1204.722
Rosemount,2019,335,12/1/2019,0.0,-2.2,-1.1,0.0,0.0,3329.2,4.826,1209.548
Rosemount,2019,336,12/2/2019,-0.6,-17.2,-8.9,0.0,0,3329.2,26.67,1236.218
Rosemount,2019,337,12/3/2019,-3.9,-16.1,-10.0,0.0,0,3329.2,0,1236.218
Rosemount,2019,338,12/4/2019,1.1,-6.1,-2.5,0.0,0.6,3329.7,0,1236.218
Rosemount,2019,339,12/5/2019,2.2,-10.0,-3.9,0.0,1.1,3330.8,0,1236.218
Rosemount,2019,340,12/6/2019,2.2,-8.9,-3.3,0.0,1.1,3331.9,0,1236.218
Rosemount,2019,341,12/7/2019,-3.9,-8.9,-6.4,0.0,0,3331.9,0,1236.218
Rosemount,2019,342,12/8/2019,3.9,-6.1,-1.1,0.0,1.9,3333.9,0,1236.218
Rosemount,2019,343,12/9/2019,1.1,-2.8,-0.8,0.0,0.6,3334.4,1.778,1237.996
Rosemount,2019,344,12/10/2019,-2.8,-22.8,-12.8,0.0,0,3334.4,3.048,1241.044
Rosemount,2019,345,12/11/2019,-14.4,-23.9,-19.2,0.0,0,3334.4,0,1241.044
Rosemount,2019,346,12/12/2019,-11.1,-22.2,-16.7,0.0,0,3334.4,1.27,1242.314
Rosemount,2019,347,12/13/2019,-7.8,-18.3,-13.1,0.0,0,3334.4,1.27,1243.584
Rosemount,2019,348,12/14/2019,-7.8,-17.2,-12.5,0.0,0,3334.4,0,1243.584
Rosemount,2019,349,12/15/2019,-8.9,-23.3,-16.1,0.0,0,3334.4,0,1243.584
Rosemount,2019,350,12/16/2019,-7.8,-21.1,-14.4,0.0,0,3334.4,1.27,1244.854
Rosemount,2019,351,12/17/2019,-3.9,-13.9,-8.9,0.0,0,3334.4,0,1244.854
Rosemount,2019,352,12/18/2019,-4.4,-23.9,-14.2,0.0,0,3334.4,0,1244.854
Rosemount,2019,353,12/19/2019,-8.9,-21.7,-15.3,0.0,0,3334.4,0,1244.854
Rosemount,2019,354,12/20/2019,-3.3,-14.4,-8.9,0.0,0,3334.4,0,1244.854
Rosemount,2019,355,12/21/2019,2.2,-9.4,-3.6,0.0,1.1,3335.6,0,1244.854
Rosemount,2019,356,12/22/2019,3.9,-9.4,-2.8,0.0,1.9,3337.5,0,1244.854
Rosemount,2019,357,12/23/2019,3.9,-6.7,-1.4,0.0,1.9,3339.4,0,1244.854
Rosemount,2019,358,12/24/2019,3.3,-3.3,0.0,0.0,1.7,3341.1,0,1244.854
Rosemount,2019,359,12/25/2019,2.2,-0.6,0.8,0.0,1.1,3342.2,0,1244.854
Rosemount,2019,360,12/26/2019,1.1,-0.6,0.3,0.0,0.6,3342.8,0,1244.854
Rosemount,2019,361,12/27/2019,0.0,-4.4,-2.2,0.0,0.0,3342.8,0,1244.854
Rosemount,2019,362,12/28/2019,-1.7,-7.2,-4.4,0.0,0,3342.8,6.35,1251.204
Rosemount,2019,363,12/29/2019,1.7,-1.7,0.0,0.0,0.8,3343.6,20.828,1272.032
Rosemount,2019,364,12/30/2019,5.0,-1.1,1.9,0.0,2.5,3346.1,1.27,1273.302
Rosemount,2019,365,12/31/2019,0.0,-7.2,-3.6,0.0,0.0,3346.1,10.414,1283.716
Rosemount,30,1,1/1/1970,,,-9.9,,,,0.14,0.14
Rosemount,30,2,1/2/1970,,,-9.6,,,,2.77,2.91
Rosemount,30,3,1/3/1970,,,-9.7,,,,2.69,5.6
Rosemount,30,4,1/4/1970,,,-9.5,,,,1.44,7.03
Rosemount,30,5,1/5/1970,,,-10.2,,,,1.26,8.29
Rosemount,30,6,1/6/1970,,,-10.2,,,,0.35,8.64
Rosemount,30,7,1/7/1970,,,-11.2,,,,0.16,8.81
Rosemount,30,8,1/8/1970,,,-8.4,,,,1.09,9.89
Rosemount,30,9,1/9/1970,,,-9.1,,,,0.38,10.27
Rosemount,30,10,1/10/1970,,,-8.9,,,,0.36,10.63
Rosemount,30,11,1/11/1970,,,-8.0,,,,1.47,12.1
Rosemount,30,12,1/12/1970,,,-8.4,,,,1.99,14.09
Rosemount,30,13,1/13/1970,,,-10.3,,,,0.96,15.05
Rosemount,30,14,1/14/1970,,,-11.4,,,,1.62,16.66
Rosemount,30,15,1/15/1970,,,-10.6,,,,0.62,17.28
Rosemount,30,16,1/16/1970,,,-9.6,,,,0.77,18.05
Rosemount,30,17,1/17/1970,,,-9.8,,,,1.56,19.62
Rosemount,30,18,1/18/1970,,,-11.0,,,,2.12,21.73
Rosemount,30,19,1/19/1970,,,-10.4,,,,0.63,22.36
Rosemount,30,20,1/20/1970,,,-10.4,,,,0.59,22.95
Rosemount,30,21,1/21/1970,,,-10.0,,,,1.08,24.03
Rosemount,30,22,1/22/1970,,,-8.9,,,,1.04,25.06
Rosemount,30,23,1/23/1970,,,-9.0,,,,1.23,26.29
Rosemount,30,24,1/24/1970,,,-10.1,,,,0.39,26.68
Rosemount,30,25,1/25/1970,,,-10.4,,,,1.75,28.43
Rosemount,30,26,1/26/1970,,,-9.7,,,,0.53,28.96
Rosemount,30,27,1/27/1970,,,-8.3,,,,1.41,30.37
Rosemount,30,28,1/28/1970,,,-9.0,,,,1.43,31.8
Rosemount,30,29,1/29/1970,,,-10.2,,,,0.44,32.24
Rosemount,30,30,1/30/1970,,,-10.9,,,,1.63,33.87
Rosemount,30,31,1/31/1970,,,-9.5,,,,0.55,34.42
Rosemount,30,32,2/1/1970,,,-8.8,,,,0.57,34.99
Rosemount,30,33,2/2/1970,,,-9.5,,,,0.25,35.25
Rosemount,30,34,2/3/1970,,,-9.3,,,,1.11,36.36
Rosemount,30,35,2/4/1970,,,-9.8,,,,0.52,36.88
Rosemount,30,36,2/5/1970,,,-9.5,,,,0.65,37.52
Rosemount,30,37,2/6/1970,,,-8.7,,,,1.27,38.79
Rosemount,30,38,2/7/1970,,,-7.6,,,,0.28,39.07
Rosemount,30,39,2/8/1970,,,-8.3,,,,1.2,40.27
Rosemount,30,40,2/9/1970,,,-8.6,,,,0.69,40.97
Rosemount,30,41,2/10/1970,,,-8.4,,,,0.41,41.37
Rosemount,30,42,2/11/1970,,,-9.8,,,,1.84,43.22
Rosemount,30,43,2/12/1970,,,-9.7,,,,0.68,43.9
Rosemount,30,44,2/13/1970,,,-8.3,,,,0.42,44.32
Rosemount,30,45,2/14/1970,,,-7.0,,,,0.64,44.95
Rosemount,30,46,2/15/1970,,,-7.7,,,,0.55,45.5
Rosemount,30,47,2/16/1970,,,-9.0,,,,0.4,45.9
Rosemount,30,48,2/17/1970,,,-6.9,,,,0.51,46.41
Rosemount,30,49,2/18/1970,,,-5.7,,,,0.99,47.4
Rosemount,30,50,2/19/1970,,,-6.2,,,,0.24,47.64
Rosemount,30,51,2/20/1970,,,-5.8,,,,0.64,48.29
Rosemount,30,52,2/21/1970,,,-5.4,,,,2.96,51.24
Rosemount,30,53,2/22/1970,,,-6.0,,,,0.88,52.12
Rosemount,30,54,2/23/1970,,,-5.8,,,,2.4,54.52
Rosemount,30,55,2/24/1970,,,-6.5,,,,0.88,55.4
Rosemount,30,56,2/25/1970,,,-6.7,,,,2.37,57.78
Rosemount,30,57,2/26/1970,,,-7.2,,,,1.59,59.36
Rosemount,30,58,2/27/1970,,,-6.5,,,,1.56,60.92
Rosemount,30,59,2/28/1970,,,-6.0,,,,0.26,61.18
Rosemount,30,60,3/1/1970,,,-4.7,,,,0.59,61.78
Rosemount,30,61,3/2/1970,,,-5.2,,,,0.87,62.65
Rosemount,30,62,3/3/1970,,,-6.4,,,,0.53,63.17
Rosemount,30,63,3/4/1970,,,-5.1,,,,0.83,64
Rosemount,30,64,3/5/1970,,,-3.8,,,,2.25,66.25
Rosemount,30,65,3/6/1970,,,-3.4,,,,1.84,68.09
Rosemount,30,66,3/7/1970,,,-3.3,,,,0.38,68.46
Rosemount,30,67,3/8/1970,,,-2.8,,,,2.22,70.68
Rosemount,30,68,3/9/1970,,,-3.5,,,,3.25,73.93
Rosemount,30,69,3/10/1970,,,-3.1,,,,0.88,74.81
Rosemount,30,70,3/11/1970,,,-1.8,,,,3.01,77.82
Rosemount,30,71,3/12/1970,,,-1.8,,,,1.75,79.57
Rosemount,30,72,3/13/1970,,,-1.2,,,,2.5,82.07
Rosemount,30,73,3/14/1970,,,0.3,,,,1.9,83.97
Rosemount,30,74,3/15/1970,,,0.4,,,,2.4,86.37
Rosemount,30,75,3/16/1970,,,0.3,,,,0.71,87.07
Rosemount,30,76,3/17/1970,,,0.5,,,,0.33,87.4
Rosemount,30,77,3/18/1970,,,1.2,,,,1.32,88.72
Rosemount,30,78,3/19/1970,,,1.3,,,,0.89,89.61
Rosemount,30,79,3/20/1970,,,1.5,,,,1.51,91.12
Rosemount,30,80,3/21/1970,,,1.3,,,,1.14,92.27
Rosemount,30,81,3/22/1970,,,1.3,,,,1.19,93.46
Rosemount,30,82,3/23/1970,,,2.0,,,,2.93,96.39
Rosemount,30,83,3/24/1970,,,2.0,,,,3.68,100.07
Rosemount,30,84,3/25/1970,,,1.8,,,,1.96,102.03
Rosemount,30,85,3/26/1970,,,1.7,,,,1.26,103.29
Rosemount,30,86,3/27/1970,,,2.9,,,,1.71,104.99
Rosemount,30,87,3/28/1970,,,3.6,,,,3.48,108.48
Rosemount,30,88,3/29/1970,,,3.6,,,,1.19,109.67
Rosemount,30,89,3/30/1970,,,4.6,,,,2.78,112.46
Rosemount,30,90,3/31/1970,,,4.9,,,,3.41,115.86
Rosemount,30,91,4/1/1970,,,4.5,,,,2.1,117.96
Rosemount,30,92,4/2/1970,,,4.6,,,,3.03,120.99
Rosemount,30,93,4/3/1970,,,4.9,,,,1.88,122.87
Rosemount,30,94,4/4/1970,,,4.3,,,,1.68,124.55
Rosemount,30,95,4/5/1970,,,4.7,,,,0.95,125.5
Rosemount,30,96,4/6/1970,,,5.4,,,,1.13,126.63
Rosemount,30,97,4/7/1970,,,5.4,,,,3.59,130.22
Rosemount,30,98,4/8/1970,,,5.2,,,,2.4,132.62
Rosemount,30,99,4/9/1970,,,5.5,,,,1.45,134.07
Rosemount,30,100,4/10/1970,,,5.5,,,,2.41,136.48
Rosemount,30,101,4/11/1970,,,6.0,,,,6.38,142.86
Rosemount,30,102,4/12/1970,,,5.4,,,,3.93,146.78
Rosemount,30,103,4/13/1970,,,6.5,,,,1.37,148.15
Rosemount,30,104,4/14/1970,,,7.7,,,,1.3,149.46
Rosemount,30,105,4/15/1970,,,9.0,,,,3.2,152.66
Rosemount,30,106,4/16/1970,,,8.9,,,,5.26,157.91
Rosemount,30,107,4/17/1970,,,8.2,,,,3.16,161.07
Rosemount,30,108,4/18/1970,,,9.8,,,,5.36,166.43
Rosemount,30,109,4/19/1970,,,10.6,,,,4.36,170.79
Rosemount,30,110,4/20/1970,,,8.5,,,,4.46,175.25
Rosemount,30,111,4/21/1970,,,9.1,,,,4.24,179.49
Rosemount,30,112,4/22/1970,,,9.0,,,,2.8,182.29
Rosemount,30,113,4/23/1970,,,9.2,,,,2.86,185.16
Rosemount,30,114,4/24/1970,,,11.2,,,,2.52,187.68
Rosemount,30,115,4/25/1970,,,10.9,,,,3.07,190.74
Rosemount,30,116,4/26/1970,,,9.9,,,,5.22,195.96
Rosemount,30,117,4/27/1970,,,9.7,,,,3.86,199.82
Rosemount,30,118,4/28/1970,,,9.4,,,,4.85,204.67
Rosemount,30,119,4/29/1970,,,10.1,,,,3.75,208.42
Rosemount,30,120,4/30/1970,,,10.9,,,,1.67,210.08
Rosemount,30,121,5/1/1970,,,10.7,,,,5.38,215.47
Rosemount,30,122,5/2/1970,,,10.3,,,,4.43,219.89
Rosemount,30,123,5/3/1970,,,10.9,,,,0.67,220.56
Rosemount,30,124,5/4/1970,,,12.7,,,,1.67,222.23
Rosemount,30,125,5/5/1970,,,13.0,,,,6.13,228.36
Rosemount,30,126,5/6/1970,,,13.2,,,,2.84,231.19
Rosemount,30,127,5/7/1970,,,14.8,,,,5.79,236.98
Rosemount,30,128,5/8/1970,,,14.3,,,,4.67,241.65
Rosemount,30,129,5/9/1970,,,13.5,,,,7.74,249.39
Rosemount,30,130,5/10/1970,,,13.3,,,,5.49,254.88
Rosemount,30,131,5/11/1970,,,14.1,,,,4.24,259.12
Rosemount,30,132,5/12/1970,,,12.5,,,,7.13,266.25
Rosemount,30,133,5/13/1970,,,11.8,,,,3.84,270.09
Rosemount,30,134,5/14/1970,,,13.4,,,,4.57,274.67
Rosemount,30,135,5/15/1970,,,14.7,,,,3.61,278.27
Rosemount,30,136,5/16/1970,,,15.3,,,,4.76,283.03
Rosemount,30,137,5/17/1970,,,15.4,,,,3.12,286.15
Rosemount,30,138,5/18/1970,,,14.8,,,,5.01,291.16
Rosemount,30,139,5/19/1970,,,15.4,,,,2.31,293.47
Rosemount,30,140,5/20/1970,,,14.8,,,,7.52,300.99
Rosemount,30,141,5/21/1970,,,14.9,,,,2.05,303.04
Rosemount,30,142,5/22/1970,,,15.7,,,,4.64,307.68
Rosemount,30,143,5/23/1970,,,15.9,,,,5.24,312.92
Rosemount,30,144,5/24/1970,,,15.8,,,,5.05,317.97
Rosemount,30,145,5/25/1970,,,15.6,,,,4.01,321.97
Rosemount,30,146,5/26/1970,,,15.8,,,,5.23,327.2
Rosemount,30,147,5/27/1970,,,16.6,,,,3.79,330.99
Rosemount,30,148,5/28/1970,,,16.9,,,,5.27,336.26
Rosemount,30,149,5/29/1970,,,18.2,,,,2.92,339.18
Rosemount,30,150,5/30/1970,,,18.2,,,,4.98,344.16
Rosemount,30,151,5/31/1970,,,18.3,,,,3.55,347.71
Rosemount,30,152,6/1/1970,,,17.8,,,,2.76,350.47
Rosemount,30,153,6/2/1970,,,17.5,,,,5.3,355.78
Rosemount,30,154,6/3/1970,,,17.2,,,,2.86,358.64
Rosemount,30,155,6/4/1970,,,17.5,,,,2.73,361.37
Rosemount,30,156,6/5/1970,,,18.3,,,,9.98,371.35
Rosemount,30,157,6/6/1970,,,18.6,,,,6.49,377.83
Rosemount,30,158,6/7/1970,,,18.5,,,,3.85,381.69
Rosemount,30,159,6/8/1970,,,19.2,,,,4.66,386.35
Rosemount,30,160,6/9/1970,,,19.4,,,,6.02,392.37
Rosemount,30,161,6/10/1970,,,19.8,,,,3.06,395.43
Rosemount,30,162,6/11/1970,,,19.7,,,,5.45,400.88
Rosemount,30,163,6/12/1970,,,19.4,,,,5.84,406.72
Rosemount,30,164,6/13/1970,,,19.1,,,,4.65,411.37
Rosemount,30,165,6/14/1970,,,20.6,,,,3.2,414.57
Rosemount,30,166,6/15/1970,,,20.6,,,,6.53,421.09
Rosemount,30,167,6/16/1970,,,20.2,,,,7.21,428.3
Rosemount,30,168,6/17/1970,,,20.4,,,,9.48,437.79
Rosemount,30,169,6/18/1970,,,21.3,,,,8.8,446.59
Rosemount,30,170,6/19/1970,,,20.7,,,,6.1,452.68
Rosemount,30,171,6/20/1970,,,20.2,,,,4.36,457.05
Rosemount,30,172,6/21/1970,,,21.1,,,,5.38,462.43
Rosemount,30,173,6/22/1970,,,20.7,,,,3.47,465.9
Rosemount,30,174,6/23/1970,,,21.3,,,,2.64,468.54
Rosemount,30,175,6/24/1970,,,21.4,,,,6.17,474.72
Rosemount,30,176,6/25/1970,,,21.1,,,,3.95,478.67
Rosemount,30,177,6/26/1970,,,21.7,,,,2.56,481.23
Rosemount,30,178,6/27/1970,,,21.7,,,,2.75,483.97
Rosemount,30,179,6/28/1970,,,21.5,,,,7.84,491.82
Rosemount,30,180,6/29/1970,,,21.1,,,,3.15,494.97
Rosemount,30,181,6/30/1970,,,21.8,,,,2.19,497.16
Rosemount,30,182,7/1/1970,,,21.6,,,,5.62,502.78
Rosemount,30,183,7/2/1970,,,21.4,,,,8.39,511.18
Rosemount,30,184,7/3/1970,,,21.4,,,,5.35,516.52
Rosemount,30,185,7/4/1970,,,22.2,,,,2.46,518.98
Rosemount,30,186,7/5/1970,,,22.2,,,,2.37,521.35
Rosemount,30,187,7/6/1970,,,22.3,,,,9.56,530.91
Rosemount,30,188,7/7/1970,,,22.2,,,,3.33,534.24
Rosemount,30,189,7/8/1970,,,22.3,,,,9.08,543.32
Rosemount,30,190,7/9/1970,,,21.8,,,,4.64,547.96
Rosemount,30,191,7/10/1970,,,21.7,,,,2.03,549.99
Rosemount,30,192,7/11/1970,,,21.9,,,,6.93,556.91
Rosemount,30,193,7/12/1970,,,22.0,,,,5.18,562.09
Rosemount,30,194,7/13/1970,,,22.2,,,,4.19,566.28
Rosemount,30,195,7/14/1970,,,22.0,,,,3.21,569.49
Rosemount,30,196,7/15/1970,,,22.5,,,,7.57,577.06
Rosemount,30,197,7/16/1970,,,23.1,,,,2.65,579.71
Rosemount,30,198,7/17/1970,,,23.6,,,,3.05,582.76
Rosemount,30,199,7/18/1970,,,23.2,,,,3.98,586.74
Rosemount,30,200,7/19/1970,,,22.7,,,,2.6,589.34
Rosemount,30,201,7/20/1970,,,22.3,,,,6.93,596.26
Rosemount,30,202,7/21/1970,,,22.5,,,,3.01,599.27
Rosemount,30,203,7/22/1970,,,22.2,,,,8.48,607.75
Rosemount,30,204,7/23/1970,,,21.7,,,,1.58,609.33
Rosemount,30,205,7/24/1970,,,21.4,,,,3.1,612.43
Rosemount,30,206,7/25/1970,,,21.8,,,,5.26,617.69
Rosemount,30,207,7/26/1970,,,22.4,,,,10.73,628.42
Rosemount,30,208,7/27/1970,,,22.2,,,,2.39,630.82
Rosemount,30,209,7/28/1970,,,21.8,,,,4.11,634.92
Rosemount,30,210,7/29/1970,,,21.3,,,,2.02,636.95
Rosemount,30,211,7/30/1970,,,21.7,,,,1.14,638.09
Rosemount,30,212,7/31/1970,,,22.4,,,,1.03,639.11
Rosemount,30,213,8/1/1970,,,22.0,,,,1.59,640.71
Rosemount,30,214,8/2/1970,,,21.6,,,,6.64,647.35
Rosemount,30,215,8/3/1970,,,21.4,,,,3.24,650.58
Rosemount,30,216,8/4/1970,,,21.3,,,,4.69,655.28
Rosemount,30,217,8/5/1970,,,20.9,,,,2.76,658.04
Rosemount,30,218,8/6/1970,,,20.7,,,,6.01,664.06
Rosemount,30,219,8/7/1970,,,21.2,,,,6.32,670.37
Rosemount,30,220,8/8/1970,,,21.3,,,,3.16,673.53
Rosemount,30,221,8/9/1970,,,21.9,,,,3.23,676.76
Rosemount,30,222,8/10/1970,,,21.1,,,,5.69,682.45
Rosemount,30,223,8/11/1970,,,21.1,,,,4.44,686.89
Rosemount,30,224,8/12/1970,,,21.1,,,,1.48,688.38
Rosemount,30,225,8/13/1970,,,20.4,,,,9.65,698.03
Rosemount,30,226,8/14/1970,,,20.3,,,,4.43,702.46
Rosemount,30,227,8/15/1970,,,20.6,,,,3.97,706.43
Rosemount,30,228,8/16/1970,,,21.0,,,,2.73,709.16
Rosemount,30,229,8/17/1970,,,20.9,,,,11.46,720.62
Rosemount,30,230,8/18/1970,,,20.3,,,,5.66,726.29
Rosemount,30,231,8/19/1970,,,19.7,,,,6.69,732.98
Rosemount,30,232,8/20/1970,,,19.6,,,,7.81,740.79
Rosemount,30,233,8/21/1970,,,20.2,,,,3.35,744.14
Rosemount,30,234,8/22/1970,,,20.5,,,,4.46,748.6
Rosemount,30,235,8/23/1970,,,21.0,,,,3.08,751.68
Rosemount,30,236,8/24/1970,,,21.1,,,,3.15,754.83
Rosemount,30,237,8/25/1970,,,21.4,,,,3.18,758.01
Rosemount,30,238,8/26/1970,,,21.1,,,,4.73,762.74
Rosemount,30,239,8/27/1970,,,21.1,,,,3.56,766.3
Rosemount,30,240,8/28/1970,,,20.8,,,,3.02,769.32
Rosemount,30,241,8/29/1970,,,19.9,,,,1.06,770.37
Rosemount,30,242,8/30/1970,,,20.0,,,,4.06,774.43
Rosemount,30,243,8/31/1970,,,19.7,,,,0.46,774.89
Rosemount,30,244,9/1/1970,,,19.9,,,,0.03,774.92
Rosemount,30,245,9/2/1970,,,20.2,,,,4.78,779.71
Rosemount,30,246,9/3/1970,,,19.6,,,,4.64,784.34
Rosemount,30,247,9/4/1970,,,19.3,,,,1.05,785.39
Rosemount,30,248,9/5/1970,,,19.4,,,,5.44,790.83
Rosemount,30,249,9/6/1970,,,19.4,,,,5,795.83
Rosemount,30,250,9/7/1970,,,19.4,,,,4.4,800.23
Rosemount,30,251,9/8/1970,,,17.9,,,,4.26,804.49
Rosemount,30,252,9/9/1970,,,18.1,,,,2.66,807.15
Rosemount,30,253,9/10/1970,,,18.2,,,,2.06,809.21
Rosemount,30,254,9/11/1970,,,18.1,,,,2.54,811.75
Rosemount,30,255,9/12/1970,,,18.8,,,,5.03,816.78
Rosemount,30,256,9/13/1970,,,18.3,,,,2.38,819.15
Rosemount,30,257,9/14/1970,,,16.7,,,,5.65,824.8
Rosemount,30,258,9/15/1970,,,16.3,,,,4.08,828.89
Rosemount,30,259,9/16/1970,,,16.7,,,,9.97,838.86
Rosemount,30,260,9/17/1970,,,17.1,,,,1.45,840.31
Rosemount,30,261,9/18/1970,,,16.8,,,,4.1,844.41
Rosemount,30,262,9/19/1970,,,16.4,,,,4.74,849.15
Rosemount,30,263,9/20/1970,,,16.0,,,,3.6,852.74
Rosemount,30,264,9/21/1970,,,15.6,,,,3.69,856.44
Rosemount,30,265,9/22/1970,,,14.6,,,,4.05,860.48
Rosemount,30,266,9/23/1970,,,14.1,,,,3.75,864.23
Rosemount,30,267,9/24/1970,,,14.4,,,,4.96,869.19
Rosemount,30,268,9/25/1970,,,15.4,,,,1.53,870.73
Rosemount,30,269,9/26/1970,,,13.8,,,,4.47,875.2
Rosemount,30,270,9/27/1970,,,14.0,,,,1.01,876.2
Rosemount,30,271,9/28/1970,,,13.9,,,,1.11,877.31
Rosemount,30,272,9/29/1970,,,12.8,,,,0.78,878.09
Rosemount,30,273,9/30/1970,,,13.4,,,,2.4,880.49
Rosemount,30,274,10/1/1970,,,13.8,,,,2.59,883.08
Rosemount,30,275,10/2/1970,,,12.5,,,,3.87,886.95
Rosemount,30,276,10/3/1970,,,13.0,,,,5.21,892.16
Rosemount,30,277,10/4/1970,,,11.9,,,,2.53,894.69
Rosemount,30,278,10/5/1970,,,11.9,,,,5.52,900.21
Rosemount,30,279,10/6/1970,,,11.8,,,,4.04,904.25
Rosemount,30,280,10/7/1970,,,11.3,,,,6.23,910.48
Rosemount,30,281,10/8/1970,,,11.4,,,,3.03,913.51
Rosemount,30,282,10/9/1970,,,11.7,,,,2.6,916.1
Rosemount,30,283,10/10/1970,,,10.2,,,,2.86,918.96
Rosemount,30,284,10/11/1970,,,11.3,,,,1.15,920.11
Rosemount,30,285,10/12/1970,,,11.4,,,,1.69,921.8
Rosemount,30,286,10/13/1970,,,9.5,,,,2.32,924.12
Rosemount,30,287,10/14/1970,,,8.7,,,,1.44,925.56
Rosemount,30,288,10/15/1970,,,8.6,,,,2.73,928.29
Rosemount,30,289,10/16/1970,,,8.6,,,,2.55,930.84
Rosemount,30,290,10/17/1970,,,8.9,,,,6.3,937.14
Rosemount,30,291,10/18/1970,,,8.7,,,,1.51,938.65
Rosemount,30,292,10/19/1970,,,8.7,,,,0.67,939.32
Rosemount,30,293,10/20/1970,,,8.6,,,,0.41,939.72
Rosemount,30,294,10/21/1970,,,8.8,,,,1.32,941.04
Rosemount,30,295,10/22/1970,,,7.8,,,,1.83,942.87
Rosemount,30,296,10/23/1970,,,8.4,,,,3.65,946.51
Rosemount,30,297,10/24/1970,,,7.9,,,,1,947.52
Rosemount,30,298,10/25/1970,,,7.4,,,,1.95,949.47
Rosemount,30,299,10/26/1970,,,7.6,,,,3.33,952.8
Rosemount,30,300,10/27/1970,,,6.5,,,,1.08,953.88
Rosemount,30,301,10/28/1970,,,6.3,,,,2.1,955.98
Rosemount,30,302,10/29/1970,,,6.0,,,,3.05,959.03
Rosemount,30,303,10/30/1970,,,5.7,,,,1.75,960.78
Rosemount,30,304,10/31/1970,,,5.3,,,,0.92,961.69
Rosemount,30,305,11/1/1970,,,4.3,,,,4.38,966.07
Rosemount,30,306,11/2/1970,,,4.3,,,,2.88,968.95
Rosemount,30,307,11/3/1970,,,4.1,,,,0.76,969.71
Rosemount,30,308,11/4/1970,,,3.7,,,,1.27,970.98
Rosemount,30,309,11/5/1970,,,3.7,,,,1.03,972.02
Rosemount,30,310,11/6/1970,,,3.6,,,,2.24,974.26
Rosemount,30,311,11/7/1970,,,2.5,,,,1.57,975.83
Rosemount,30,312,11/8/1970,,,2.7,,,,0.06,975.89
Rosemount,30,313,11/9/1970,,,3.2,,,,0.23,976.12
Rosemount,30,314,11/10/1970,,,3.2,,,,1.96,978.08
Rosemount,30,315,11/11/1970,,,0.9,,,,0.29,978.36
Rosemount,30,316,11/12/1970,,,0.6,,,,2.41,980.78
Rosemount,30,317,11/13/1970,,,1.5,,,,1.55,982.32
Rosemount,30,318,11/14/1970,,,1.5,,,,0.44,982.77
Rosemount,30,319,11/15/1970,,,1.5,,,,2.99,985.76
Rosemount,30,320,11/16/1970,,,1.4,,,,2.49,988.25
Rosemount,30,321,11/17/1970,,,0.9,,,,2.04,990.29
Rosemount,30,322,11/18/1970,,,1.6,,,,2.02,992.31
Rosemount,30,323,11/19/1970,,,0.6,,,,1.35,993.66
Rosemount,30,324,11/20/1970,,,-0.2,,,,1.12,994.78
Rosemount,30,325,11/21/1970,,,-0.4,,,,2.27,997.04
Rosemount,30,326,11/22/1970,,,-0.8,,,,0.61,997.65
Rosemount,30,327,11/23/1970,,,-0.8,,,,2.3,999.95
Rosemount,30,328,11/24/1970,,,-1.0,,,,2.31,1002.26
Rosemount,30,329,11/25/1970,,,-1.7,,,,1.92,1004.18
Rosemount,30,330,11/26/1970,,,-2.5,,,,0.54,1004.73
Rosemount,30,331,11/27/1970,,,-3.3,,,,3.41,1008.14
Rosemount,30,332,11/28/1970,,,-3.6,,,,2.25,1010.39
Rosemount,30,333,11/29/1970,,,-2.3,,,,3.25,1013.63
Rosemount,30,334,11/30/1970,,,-2.3,,,,2.15,1015.79
Rosemount,30,335,12/1/1970,,,-2.5,,,,0.86,1016.65
Rosemount,30,336,12/2/1970,,,-3.7,,,,1.43,1018.08
Rosemount,30,337,12/3/1970,,,-3.9,,,,1.73,1019.82
Rosemount,30,338,12/4/1970,,,-4.4,,,,0.4,1020.21
Rosemount,30,339,12/5/1970,,,-5.1,,,,2.28,1022.49
Rosemount,30,340,12/6/1970,,,-6.0,,,,1.01,1023.5
Rosemount,30,341,12/7/1970,,,-6.6,,,,0.14,1023.64
Rosemount,30,342,12/8/1970,,,-6.2,,,,0.77,1024.41
Rosemount,30,343,12/9/1970,,,-6.0,,,,1.2,1025.61
Rosemount,30,344,12/10/1970,,,-6.4,,,,1.16,1026.77
Rosemount,30,345,12/11/1970,,,-7.6,,,,0.2,1026.98
Rosemount,30,346,12/12/1970,,,-6.9,,,,1.63,1028.61
Rosemount,30,347,12/13/1970,,,-6.1,,,,1.79,1030.4
Rosemount,30,348,12/14/1970,,,-5.2,,,,2.41,1032.81
Rosemount,30,349,12/15/1970,,,-5.6,,,,3.28,1036.09
Rosemount,30,350,12/16/1970,,,-6.7,,,,1.09,1037.18
Rosemount,30,351,12/17/1970,,,-7.0,,,,1.11,1038.28
Rosemount,30,352,12/18/1970,,,-8.2,,,,0.76,1039.05
Rosemount,30,353,12/19/1970,,,-7.7,,,,0.92,1039.97
Rosemount,30,354,12/20/1970,,,-7.3,,,,0.57,1040.54
Rosemount,30,355,12/21/1970,,,-7.1,,,,1.25,1041.78
Rosemount,30,356,12/22/1970,,,-7.2,,,,1.95,1043.73
Rosemount,30,357,12/23/1970,,,-8.2,,,,1.68,1045.41
Rosemount,30,358,12/24/1970,,,-8.5,,,,0.57,1045.98
Rosemount,30,359,12/25/1970,,,-8.1,,,,0.04,1046.02
Rosemount,30,360,12/26/1970,,,-8.3,,,,2.24,1048.26
Rosemount,30,361,12/27/1970,,,-6.7,,,,0.28,1048.54
Rosemount,30,362,12/28/1970,,,-6.5,,,,2.5,1051.04
Rosemount,30,363,12/29/1970,,,-6.0,,,,0.86,1051.9
Rosemount,30,364,12/30/1970,,,-7.6,,,,1.73,1053.63
Rosemount,30,365,12/31/1970,,,-9.2,,,,2.69,1056.32